item,Factor1,Factor2,Factor3,communality,uniqueness,primary_factor
q01,-0.013828397798537739,0.01307057504562386,0.79636813687229,0.6217326223092468,0.37826737769075325,Factor3
q02,0.00505499025143983,-0.01918656727882375,0.7065302811088122,0.5089694679847195,0.49103053201528046,Factor3
q03,-0.003713289688168629,0.06033783879367842,0.6787622842030157,0.4419831008351239,0.5580168991648762,Factor3
q04,-0.06992334727576652,-0.11623583658522564,0.6116678741066345,0.3950644286630532,0.6049355713369469,Factor3
q05,0.006341292029651073,0.020859728187499038,0.7859271589253604,0.6132500667608793,0.38674993323912066,Factor3
q06,0.17228423023929612,-0.05457184032185773,0.5783697135843823,0.456716866528756,0.543283133471244,Factor3
q07,0.7910825401333292,0.020508783816634728,-0.024736615806014137,0.6059331638851162,0.3940668361148838,Factor1
q08,0.7328856999862865,-0.03696993136795011,-0.06107473375570826,0.5226742461028508,0.47732575389714915,Factor1
q09,0.7014769738316359,0.017642143486677222,0.01733888341608178,0.4951829922200149,0.5048170077799852,Factor1
q10,0.7319086325915138,-0.0029440530184798902,0.014553423682933846,0.544333188520678,0.455666811479322,Factor1
q11,0.6492231732127521,3.256344709676597e-4,-0.006750242015273536,0.4183968663662817,0.5816031336337183,Factor1
q12,0.6079285594241826,-0.027125070155217066,0.20003448515418523,0.5051912639542915,0.4948087360457085,Factor1
q13,-0.010956823081677456,0.787169301102564,0.04241896569492931,0.608351323540513,0.391648676459487,Factor2
q14,-0.01195465275278629,0.7821206654744141,0.008428397019956185,0.6128891644324974,0.3871108355675026,Factor2
q15,0.012704331907354764,0.6989327721545804,-0.03855544934814169,0.4993132463866982,0.5006867536133017,Factor2
q16,0.07154781269569739,0.7192622480402463,-0.045024028356522916,0.5145917452378221,0.48540825476217786,Factor2
q17,0.03300653701259486,0.6961764981811114,-0.013504682783040515,0.47964309696875373,0.5203569030312463,Factor2
q18,-0.20207062635051393,0.5679151436611041,0.026962606822491766,0.4062033317464335,0.5937966682535665,Factor2
