id,Factor1,Factor2,Factor3
P0001,4.8,2.8333333333333335,1.6666666666666667
P0002,1.6666666666666667,3.8,1.1666666666666667
P0003,2.5,2.6666666666666665,2.8333333333333335
P0004,3.6666666666666665,4,1.8333333333333333
P0005,2.1666666666666665,4.5,3
P0006,1.1666666666666667,4.833333333333333,1.6666666666666667
P0007,2.8333333333333335,3,1.2
P0008,3,4.333333333333333,2
P0009,2.4,1.5,2
P0010,2.3333333333333335,2.3333333333333335,2.5
P0011,2.8333333333333335,4.333333333333333,3.1666666666666665
P0012,2,2.4,1.3333333333333333
P0013,1.8333333333333333,3.1666666666666665,3.6666666666666665
P0014,4,4.5,3.4
P0015,1.6666666666666667,4.5,1
P0016,3.3333333333333335,1,3
P0018,2.8,3.2,4.5
P0019,2,3.3333333333333335,2.8333333333333335
P0020,4.166666666666667,2.8333333333333335,3.6
P0021,1.8333333333333333,2.3333333333333335,2.5
P0022,1.8333333333333333,3.6,3.1666666666666665
P0023,1.6666666666666667,3,1.6666666666666667
P0024,4.5,2.2,4.333333333333333
P0025,4,3,2.6666666666666665
P0026,4.666666666666667,1.5,4.333333333333333
P0027,4.5,1.6666666666666667,4
P0028,3.8333333333333335,2.4,2.3333333333333335
P0029,2.8333333333333335,2.5,3.8333333333333335
P0030,5,2.6666666666666665,3.6666666666666665
P0031,1.3333333333333333,2.3333333333333335,1.5
P0032,2.5,3,3
P0033,3.6666666666666665,4,3.8333333333333335
P0034,3.8333333333333335,2.6666666666666665,3.3333333333333335
P0035,3,3.1666666666666665,3.6666666666666665
P0036,2.6666666666666665,2,3.8333333333333335
P0037,2.8333333333333335,2,4.666666666666667
P0038,2,3.4,2.5
P0039,3.6,2,2.6
P0040,3.6,4,2.3333333333333335
P0041,1.3333333333333333,3.8333333333333335,1.8333333333333333
P0042,3,1.1666666666666667,2.8333333333333335
P0043,1.2,3,2.3333333333333335
P0044,3.3333333333333335,3,3.8333333333333335
P0045,2.8333333333333335,3.3333333333333335,1.8333333333333333
P0046,4.8,2.6,4.333333333333333
P0047,3,1.5,3.8333333333333335
P0048,3.3333333333333335,3.5,2.1666666666666665
P0049,3.2,1.8333333333333333,3
P0050,3.1666666666666665,1.3333333333333333,3.1666666666666665
P0051,2.6666666666666665,3.1666666666666665,1.3333333333333333
P0052,1.3333333333333333,3,4
P0053,3,4,1.8333333333333333
P0054,4.333333333333333,3.6666666666666665,3.6
P0055,1.6,3.1666666666666665,2.1666666666666665
P0056,3,3.5,3
P0057,1.4,3.3333333333333335,1.3333333333333333
P0058,2.5,3.6666666666666665,2
P0059,2.8333333333333335,2.3333333333333335,3.5
P0060,1.8333333333333333,4.166666666666667,2.4
P0061,2.1666666666666665,1,2.6
P0062,2,2.6666666666666665,3.1666666666666665
P0063,2.2,1.8333333333333333,3.2
P0064,3.3333333333333335,2.3333333333333335,2.1666666666666665
P0065,1.6666666666666667,3.5,2.2
P0067,2.3333333333333335,5,1.8333333333333333
P0068,4.166666666666667,1.2,3.6666666666666665
P0069,1.8333333333333333,4,2.1666666666666665
P0070,3.1666666666666665,2.3333333333333335,3.1666666666666665
P0071,4,4,3.1666666666666665
P0073,4.166666666666667,1.3333333333333333,4.5
P0074,2,3.5,2.1666666666666665
P0075,4,3,4.5
P0076,1.6,3.8333333333333335,1.5
P0077,2.8333333333333335,2.5,2.6666666666666665
P0078,2.6666666666666665,1.1666666666666667,3
P0079,2.3333333333333335,3.1666666666666665,2.3333333333333335
P0080,3.1666666666666665,2.1666666666666665,2.5
P0081,3,4.666666666666667,3.1666666666666665
P0082,4.666666666666667,2.5,4.5
P0083,1.8333333333333333,4,2.3333333333333335
P0084,1.5,3.8333333333333335,1.6666666666666667
P0085,2.6666666666666665,1.6666666666666667,3.8
P0086,3.1666666666666665,1.6666666666666667,3
P0087,3.3333333333333335,3,3.1666666666666665
P0088,2.6666666666666665,2.6666666666666665,1.8
P0089,3.3333333333333335,3,4.166666666666667
P0090,4.5,1,3.6666666666666665
P0091,2.1666666666666665,3.6666666666666665,1
P0092,4,2,3.8333333333333335
P0093,2.6666666666666665,2,1.6666666666666667
P0094,2.8333333333333335,2.8333333333333335,3.5
P0095,1.5,4.2,2.3333333333333335
P0096,3.6666666666666665,5,2.6666666666666665
P0097,1.8333333333333333,3,1.8333333333333333
P0098,2.5,3.6666666666666665,3
P0099,1.1666666666666667,4.8,3.3333333333333335
P0101,4.5,3.1666666666666665,4
P0102,3,3.3333333333333335,3.3333333333333335
P0103,4,3.3333333333333335,2
P0104,1.8333333333333333,3.5,2.3333333333333335
P0105,4.333333333333333,3,3
P0106,3.3333333333333335,1.5,3.3333333333333335
P0107,1.3333333333333333,4.666666666666667,2.3333333333333335
P0108,4.333333333333333,1.5,4
P0109,2,3.8333333333333335,1.6666666666666667
P0110,1.6,4.833333333333333,2.6
P0111,2.6666666666666665,4.166666666666667,1.5
P0113,2,2.1666666666666665,3
P0114,2.5,1.8,2.3333333333333335
P0115,4,2.6666666666666665,1.3333333333333333
P0116,2,1.8333333333333333,2.3333333333333335
P0117,2.3333333333333335,2.1666666666666665,2.5
P0118,3,1.5,3.8
P0119,4.333333333333333,1.5,4.833333333333333
P0120,1.1666666666666667,1.6666666666666667,1.5
P0121,4.166666666666667,1.5,4.166666666666667
P0122,4.666666666666667,1.5,3
P0123,2.1666666666666665,1.5,3.4
P0124,4,2,2.8333333333333335
P0125,1.4,4.166666666666667,1.5
P0126,3.3333333333333335,2.2,2.3333333333333335
P0127,3.4,3.8333333333333335,1.6666666666666667
P0128,4.166666666666667,4.2,2.8333333333333335
P0129,3,1.5,2.5
P0130,5,3.3333333333333335,3.3333333333333335
P0131,1.8333333333333333,2.8333333333333335,3
P0132,4.833333333333333,1.3333333333333333,4.166666666666667
P0133,3.3333333333333335,2.8333333333333335,4
P0134,2.5,2.6666666666666665,2.3333333333333335
P0135,3.8,2,2
P0136,3.3333333333333335,2,2.8333333333333335
P0137,2,4,2.3333333333333335
P0138,4.6,4.5,4
P0139,3.5,2.5,4.2
P0140,4.333333333333333,3.1666666666666665,2.3333333333333335
P0141,2,1.5,2.6666666666666665
P0142,2.5,2.8333333333333335,4
P0143,3.5,2.6666666666666665,3.3333333333333335
P0144,1,2.6666666666666665,2.3333333333333335
P0145,4.333333333333333,2,2.8333333333333335
P0146,2.1666666666666665,3,1.6666666666666667
P0147,3.2,1.8333333333333333,3.6666666666666665
P0148,2.6666666666666665,3.1666666666666665,4
P0149,3.3333333333333335,2.8333333333333335,2
P0150,1.8333333333333333,4.833333333333333,1.3333333333333333
P0151,2.8333333333333335,4,4.333333333333333
P0152,2.4,2.8333333333333335,3.6666666666666665
P0153,4.166666666666667,2.1666666666666665,2.8333333333333335
P0154,3.6,3,2.6666666666666665
P0155,3.3333333333333335,4,3.8333333333333335
P0156,2.5,2.1666666666666665,4.166666666666667
P0157,1.6666666666666667,3.3333333333333335,2.6666666666666665
P0158,1.8,3.5,2
P0159,1.8333333333333333,1.8333333333333333,2.3333333333333335
P0160,2.3333333333333335,1.8333333333333333,3.6666666666666665
P0162,2.6666666666666665,3.6666666666666665,2.6666666666666665
P0163,1.6666666666666667,2.8333333333333335,1.8
P0164,3.1666666666666665,2.6,4.166666666666667
P0165,1.4,2.6,3
P0166,2,3,3.8333333333333335
P0167,4.666666666666667,3.1666666666666665,2
P0168,2.8333333333333335,3.1666666666666665,1.8333333333333333
P0169,1.1666666666666667,4.166666666666667,3.1666666666666665
P0171,4,2.6666666666666665,1.5
P0172,1.8333333333333333,2,2
P0173,5,3.4,3.3333333333333335
P0174,3.6,5,4
P0175,2.1666666666666665,2.8333333333333335,2.6
P0176,3,2,2.6666666666666665
P0178,3.5,2.3333333333333335,1.8333333333333333
P0179,4.833333333333333,2.1666666666666665,4.333333333333333
P0180,4.166666666666667,3.4,2.8333333333333335
P0181,3.3333333333333335,3,1.3333333333333333
P0182,3.5,1,2.3333333333333335
P0183,2,2.6,4
P0184,4.5,3,3.6666666666666665
P0185,1.5,1.8333333333333333,3.5
P0186,2.8333333333333335,2.1666666666666665,2.8333333333333335
P0187,3.8333333333333335,2.5,4.5
P0188,4.5,2.6666666666666665,2.8
P0189,2.4,3,3.6666666666666665
P0190,1.8333333333333333,3.4,3.3333333333333335
P0192,3.1666666666666665,2.8,3.3333333333333335
P0193,4.4,1.3333333333333333,4.5
P0194,2.5,2.3333333333333335,2.8
P0195,3.3333333333333335,4.5,1.6
P0196,5,2.1666666666666665,4.666666666666667
P0197,3.6,3.8,1.5
P0198,1.6666666666666667,3.8333333333333335,1.1666666666666667
P0199,1.6,3.5,2.8333333333333335
P0200,3,3,3.5
P0201,2.8333333333333335,3.8333333333333335,3.1666666666666665
P0202,3.4,3.5,3.1666666666666665
P0203,2.5,2,3
P0204,1.6666666666666667,3,1.1666666666666667
P0205,2.6666666666666665,2.3333333333333335,1.8333333333333333
P0206,4.166666666666667,2.3333333333333335,4.666666666666667
P0207,1.5,2.5,2.2
P0208,2,4,3
P0209,1.8333333333333333,2,2.5
P0210,4.666666666666667,2,3.6666666666666665
P0211,1.8333333333333333,4,3.4
P0212,3.1666666666666665,2.5,3.6666666666666665
P0213,3.1666666666666665,4.166666666666667,2.5
P0214,2.8333333333333335,3.1666666666666665,3.3333333333333335
P0215,1.1666666666666667,2.6,3.5
P0216,4.333333333333333,2.3333333333333335,3.8
P0217,2.6666666666666665,3,4.333333333333333
P0218,4.333333333333333,3.8333333333333335,4.6
P0219,3.8333333333333335,1.5,3.3333333333333335
P0220,4.333333333333333,1.3333333333333333,4.5
P0221,1.6,2.1666666666666665,2.6666666666666665
P0222,1.1666666666666667,4.833333333333333,1.5
P0223,2.8333333333333335,3.6666666666666665,3.3333333333333335
P0224,3.6,4.666666666666667,1.5
P0225,3,2.1666666666666665,1.5
P0226,3.5,2.6,3.6666666666666665
P0227,2.8333333333333335,4.333333333333333,3.3333333333333335
P0228,2.1666666666666665,4,2.5
P0229,3.5,3.6666666666666665,4
P0230,4.5,3,3.1666666666666665
P0232,2.6,3.4,2.8
P0233,4.166666666666667,2.3333333333333335,3.2
P0234,2.2,2.8333333333333335,3.6666666666666665
P0235,3.2,1.5,1
P0237,1.5,4.833333333333333,1.5
P0238,4.666666666666667,4.166666666666667,3.8333333333333335
P0239,3.3333333333333335,2.5,2.5
P0240,4.333333333333333,1.5,4.833333333333333
P0241,2.6666666666666665,1.5,2.1666666666666665
P0242,3.5,3,2.8333333333333335
P0243,4.166666666666667,1.1666666666666667,3.1666666666666665
P0244,3.5,1.1666666666666667,2.2
P0245,2.3333333333333335,1.8,4.166666666666667
P0246,2.1666666666666665,2,2.1666666666666665
P0247,2.8,3.5,3.6666666666666665
P0248,1.6666666666666667,3.6666666666666665,1.6666666666666667
P0249,4.6,2.3333333333333335,3.2
P0250,2.1666666666666665,4.333333333333333,4.166666666666667
P0251,1.5,3.5,3.5
P0252,2.8333333333333335,1,1.8333333333333333
P0254,2.3333333333333335,4,2.6666666666666665
P0255,4.5,2,3.5
P0256,3.5,2.8333333333333335,1.5
P0257,3,3.3333333333333335,2.6666666666666665
P0258,4.333333333333333,2.1666666666666665,3
P0259,2.1666666666666665,1.5,1.3333333333333333
P0260,4.166666666666667,4.333333333333333,1.2
P0261,2.6666666666666665,1.2,2.4
P0262,3.3333333333333335,2.5,3.8333333333333335
P0263,3.8333333333333335,4.166666666666667,2
P0264,1.3333333333333333,2.6666666666666665,3
P0265,3,3,1.8333333333333333
P0266,2.1666666666666665,3.6666666666666665,1.3333333333333333
P0267,3,2.3333333333333335,3
P0268,3.1666666666666665,1,4
P0269,4.333333333333333,1,2.8
P0271,3.1666666666666665,2.3333333333333335,3.3333333333333335
P0272,3,4.333333333333333,3.5
P0273,2.5,3.5,3
P0274,3.5,2.8333333333333335,3.6666666666666665
P0275,3.6,2.3333333333333335,3.1666666666666665
P0276,4.333333333333333,2.6666666666666665,2.8333333333333335
P0277,3.8333333333333335,3.3333333333333335,3.1666666666666665
P0278,4.666666666666667,3.8333333333333335,1.6666666666666667
P0279,3.1666666666666665,4.166666666666667,2.8333333333333335
P0280,2.6666666666666665,4.333333333333333,2.5
P0281,3.1666666666666665,1.8333333333333333,3.1666666666666665
P0282,4.666666666666667,1,3
P0283,2.5,4.833333333333333,2
P0284,2.4,3.3333333333333335,3.3333333333333335
P0285,4,3.1666666666666665,2.3333333333333335
P0286,3.5,3.8333333333333335,2.1666666666666665
P0287,3.8,4.833333333333333,2.8333333333333335
P0288,2.1666666666666665,4,2.3333333333333335
P0289,4,2.5,4
P0291,2.1666666666666665,1,3.8333333333333335
P0292,3.1666666666666665,3.3333333333333335,1.3333333333333333
P0293,5,2,2.6666666666666665
P0294,4.5,4.666666666666667,4
P0295,4.333333333333333,3.1666666666666665,3
P0297,2,3.5,3.2
P0298,1.6666666666666667,2.1666666666666665,2.5
P0299,3.3333333333333335,3.6666666666666665,3.8333333333333335
P0300,2.3333333333333335,4.4,4.333333333333333
P0301,3.1666666666666665,2.6,1.6
P0302,3.1666666666666665,3.6,3
P0303,1.1666666666666667,4.5,3.3333333333333335
P0304,3.6666666666666665,1.8333333333333333,4.166666666666667
P0305,2.8,4,2.5
P0306,1.8333333333333333,1.8333333333333333,2.3333333333333335
P0307,3.3333333333333335,3.5,1.8333333333333333
P0308,3.6666666666666665,2.1666666666666665,3.8333333333333335
P0309,1.1666666666666667,1.1666666666666667,3.8333333333333335
P0311,1.5,4.6,2.6666666666666665
P0312,1.2,1.6666666666666667,3
P0313,5,2.8333333333333335,3.5
P0314,3.6,4,4.5
P0315,1.5,4.5,1.1666666666666667
P0316,1.1666666666666667,4.833333333333333,2.5
P0317,2.1666666666666665,3.5,1.3333333333333333
P0318,1.5,3.3333333333333335,1.3333333333333333
P0319,2.6666666666666665,2.3333333333333335,3.5
P0320,3.1666666666666665,3.1666666666666665,3.5
P0321,4.666666666666667,3.8333333333333335,4.666666666666667
P0322,3.6666666666666665,2.6,2
P0323,2.6666666666666665,3,1.3333333333333333
P0324,4.6,1.8,4.166666666666667
P0325,4.333333333333333,2.8333333333333335,4.166666666666667
P0326,3.6666666666666665,2.5,3
P0327,3,2.8333333333333335,3.5
P0328,2,1.8333333333333333,3
P0329,2.8,2.1666666666666665,2.3333333333333335
P0330,3.5,1,3.1666666666666665
P0331,1,3.5,1.3333333333333333
P0332,2.3333333333333335,2.3333333333333335,3.1666666666666665
P0333,2.5,4.333333333333333,2.8333333333333335
P0334,2.3333333333333335,3.5,3.1666666666666665
P0335,1.6666666666666667,4.166666666666667,3
P0336,4.166666666666667,3.5,2.8333333333333335
P0337,2.6666666666666665,2.8333333333333335,4.4
P0338,2.1666666666666665,4,2.3333333333333335
P0339,4.333333333333333,1.5,1.8333333333333333
P0340,4.5,3.5,1.8
P0341,3.6666666666666665,2,2.8333333333333335
P0342,3.5,2.1666666666666665,1.6
P0343,4.166666666666667,2.1666666666666665,4.833333333333333
P0344,1.8,3.1666666666666665,3.6666666666666665
P0345,1.3333333333333333,3,2.6666666666666665
P0346,4.5,3.5,3.4
P0347,4.166666666666667,3,2.1666666666666665
P0348,3.5,3.3333333333333335,4.8
P0349,3.6666666666666665,3.4,2
P0350,2.6666666666666665,1.8333333333333333,4
P0351,3.6666666666666665,1.6666666666666667,3
P0352,2,2.8333333333333335,1.8333333333333333
P0353,5,1,3.5
P0354,3.6666666666666665,3.5,2.4
P0355,1.3333333333333333,4.166666666666667,3.1666666666666665
P0356,2.8,3.5,2.1666666666666665
P0357,2.1666666666666665,4.333333333333333,3.1666666666666665
P0358,2.6666666666666665,2.5,1
P0359,2,2.4,1.6666666666666667
P0360,3.3333333333333335,3,2.4
P0361,3.5,1,2.6666666666666665
P0362,1,4,1.4
P0363,2,4,1.4
P0364,2.6666666666666665,4.666666666666667,2.3333333333333335
P0365,3.1666666666666665,1.6666666666666667,3.5
P0366,3.4,2.1666666666666665,3.8333333333333335
P0367,3.6666666666666665,4.833333333333333,3.1666666666666665
P0368,2.8333333333333335,3.8333333333333335,3.8333333333333335
P0369,1.6666666666666667,1.1666666666666667,4.4
P0370,3.1666666666666665,1.5,3
P0371,5,4.166666666666667,2.3333333333333335
P0372,3.3333333333333335,3.6666666666666665,4.5
P0373,2.5,2.3333333333333335,4.166666666666667
P0374,1,3,1.5
P0375,4.5,1,3.6
P0376,1.5,2.3333333333333335,2.6666666666666665
P0377,3,1.1666666666666667,1.8333333333333333
P0378,1.4,4.333333333333333,1.5
P0379,3.5,4.2,2.6666666666666665
P0380,3.8333333333333335,2,2
P0382,2.5,1.8333333333333333,4
P0383,1.4,2.5,2.1666666666666665
P0384,2.5,2,2
P0386,2.3333333333333335,4.833333333333333,3
P0387,4.333333333333333,1.8333333333333333,3.5
P0388,2.6666666666666665,4.5,4.333333333333333
P0389,3.6666666666666665,2.5,1
P0390,3.8333333333333335,3.1666666666666665,3.8
P0391,1.5,3.6666666666666665,1
P0392,4.2,1.4,4.666666666666667
P0393,1.5,4.4,1.6666666666666667
P0394,2.5,2.2,3.3333333333333335
P0395,1.5,3.3333333333333335,3
P0396,2.1666666666666665,4.333333333333333,1.3333333333333333
P0397,3.5,3.8333333333333335,4
P0398,2.8,2.1666666666666665,2.8333333333333335
P0399,5,2.2,2.8
P0400,2.5,4.333333333333333,2.3333333333333335
P0401,3.8333333333333335,1.1666666666666667,3.6666666666666665
P0402,1.6,1.3333333333333333,4.666666666666667
P0403,3.5,4.8,1.6666666666666667
P0404,3.5,3,2
P0405,2.1666666666666665,3.5,1.5
P0406,1,4.6,2
P0407,4.166666666666667,1.1666666666666667,4.333333333333333
P0408,3,1.6666666666666667,3.8333333333333335
P0409,2.8333333333333335,3.3333333333333335,4.166666666666667
P0410,1,4,2.6
P0411,4.833333333333333,2,1.6666666666666667
P0412,1.6666666666666667,3.3333333333333335,2.8333333333333335
P0413,3.8333333333333335,3,3.4
P0414,3.5,3.3333333333333335,4.833333333333333
P0415,1.6666666666666667,1.8333333333333333,2.8333333333333335
P0416,2.1666666666666665,2.1666666666666665,3.6666666666666665
P0417,2.3333333333333335,1.3333333333333333,4.333333333333333
P0418,3.8,2.6666666666666665,4.166666666666667
P0419,3.8,2.8333333333333335,2.4
P0420,3.5,2.3333333333333335,2
P0421,3.6666666666666665,1.1666666666666667,3
P0422,3,1.1666666666666667,1.6666666666666667
P0423,4.333333333333333,1.3333333333333333,2.6666666666666665
P0424,1.5,2.6,1.5
P0425,3.6666666666666665,3.6666666666666665,3
P0427,1.6666666666666667,1.8333333333333333,2.4
P0428,2.8333333333333335,4.666666666666667,1.3333333333333333
P0429,3,2.5,3.6666666666666665
P0430,1.5,1.75,2
P0432,4.166666666666667,1.6666666666666667,3.1666666666666665
P0433,5,2.1666666666666665,4.333333333333333
P0434,4.6,3.8333333333333335,2.25
P0435,4.166666666666667,2.8333333333333335,3.3333333333333335
P0436,1.6666666666666667,4.5,2
P0437,3.6666666666666665,3.8333333333333335,2.6666666666666665
P0438,1.6666666666666667,4,1.1666666666666667
P0440,2.8333333333333335,2,4.333333333333333
P0441,2.8333333333333335,1.3333333333333333,4.4
P0442,3.8333333333333335,3,3.1666666666666665
P0443,1.3333333333333333,3.8333333333333335,4.5
P0444,2.5,4.333333333333333,2
P0445,2.1666666666666665,2.8333333333333335,3.3333333333333335
P0446,2.1666666666666665,2.2,1.6666666666666667
P0448,4.2,3.8333333333333335,2.8333333333333335
P0449,2.1666666666666665,2.1666666666666665,2.3333333333333335
P0451,3,2.5,3.1666666666666665
P0452,3,3.1666666666666665,4
P0453,2.5,2.4,3.1666666666666665
P0454,4.166666666666667,3,3.2
P0455,4,1,3.3333333333333335
P0456,2.5,1.3333333333333333,3
P0458,4,1.1666666666666667,4.333333333333333
P0459,2.8333333333333335,1.8,3.3333333333333335
P0460,5,1,4.833333333333333
P0461,3.3333333333333335,2.6666666666666665,2.6666666666666665
P0462,3.5,1.6666666666666667,3.6666666666666665
P0463,3,2,4.8
P0464,2.1666666666666665,2.3333333333333335,4
P0465,4.333333333333333,2.8333333333333335,3.8333333333333335
P0467,1.1666666666666667,4.5,1.6666666666666667
P0468,1.5,2,1.3333333333333333
P0469,4.5,1.6,4.333333333333333
P0470,4.6,2,3.8333333333333335
P0471,3.6666666666666665,3.8333333333333335,3
P0472,1.6,4.166666666666667,1.3333333333333333
P0473,2.6666666666666665,4,2.8
P0474,1.3333333333333333,3.1666666666666665,2.5
P0475,1.8333333333333333,4.5,1.6666666666666667
P0476,2.8333333333333335,1.8333333333333333,4.166666666666667
P0477,3.5,3.5,4
P0478,2.1666666666666665,1.1666666666666667,4.833333333333333
P0479,2.4,4.8,1
P0480,2.8,2.8333333333333335,1.1666666666666667
P0481,4.166666666666667,2,3.1666666666666665
P0482,4.833333333333333,1,2.8333333333333335
P0483,2.8333333333333335,3.8333333333333335,3
P0484,1.5,3.3333333333333335,1.5
P0485,3.5,2.5,4.833333333333333
P0486,4,2,4.666666666666667
P0487,3.8333333333333335,2,4
P0488,2.6666666666666665,1.6,4.166666666666667
P0489,3.1666666666666665,4.666666666666667,1.1666666666666667
P0490,1.1666666666666667,4.333333333333333,1.8333333333333333
P0491,4.333333333333333,1.3333333333333333,4.666666666666667
P0492,3.3333333333333335,4.333333333333333,3.1666666666666665
P0494,4.666666666666667,2,3.8333333333333335
P0495,2.1666666666666665,3.1666666666666665,2.1666666666666665
P0496,2.8333333333333335,4.166666666666667,2.1666666666666665
P0497,3.5,3,4
P0498,1.3333333333333333,3.6666666666666665,1.3333333333333333
P0499,3,3.1666666666666665,2.1666666666666665
P0500,2.6666666666666665,3.5,1
P0501,4.166666666666667,3.5,4.6
P0502,2.2,1.5,3.8333333333333335
P0503,3.5,2.8333333333333335,2.3333333333333335
P0504,4.333333333333333,2.8,3.6666666666666665
P0505,4.5,3.5,1.5
P0506,2.6666666666666665,2.1666666666666665,2.1666666666666665
P0507,2.6666666666666665,1.5,2.3333333333333335
P0508,2,3,3.5
P0509,3.5,4.2,3.6
P0510,2.5,1.5,4.166666666666667
P0511,3.3333333333333335,2.5,2.8
P0512,5,1.3333333333333333,3.8333333333333335
P0513,2,3.5,3
P0514,2,2.6666666666666665,2.1666666666666665
P0515,4.666666666666667,2.8333333333333335,4.333333333333333
P0516,2.6666666666666665,3.1666666666666665,1.5
P0517,2.8333333333333335,3.6666666666666665,2
P0518,3.5,1.8333333333333333,1.8333333333333333
P0519,3.1666666666666665,3.3333333333333335,2.6
P0520,1.6666666666666667,3.6,2.5
P0521,3.5,3,1
P0522,3.6666666666666665,2.3333333333333335,3
P0523,4.25,4.833333333333333,2
P0524,4.333333333333333,4,2.1666666666666665
P0525,3.1666666666666665,2.8333333333333335,1.6666666666666667
P0526,2.1666666666666665,3.1666666666666665,4.333333333333333
P0527,1.1666666666666667,2.2,2.5
P0528,3,1.1666666666666667,2.8333333333333335
P0529,1.3333333333333333,1.1666666666666667,2.1666666666666665
P0530,4.833333333333333,2.3333333333333335,4.333333333333333
P0531,3.6666666666666665,1.6666666666666667,2.3333333333333335
P0532,1.1666666666666667,4.166666666666667,2.6
P0533,4.4,3,4.666666666666667
P0534,4,3.4,1.8333333333333333
P0535,1.8333333333333333,2,3
P0536,4,1.8333333333333333,2.8333333333333335
P0537,1.6,1.1666666666666667,3.3333333333333335
P0538,4.5,1,4.166666666666667
P0539,4.333333333333333,4.666666666666667,2.5
P0540,3.3333333333333335,2.3333333333333335,3.6
P0541,1.3333333333333333,2.3333333333333335,4.166666666666667
P0542,4.166666666666667,3.8,4.666666666666667
P0543,3.6666666666666665,3,4
P0544,2.1666666666666665,2.6666666666666665,4.5
P0545,2,3.8333333333333335,1.3333333333333333
P0546,2.1666666666666665,3.1666666666666665,2.5
P0547,3.6,3.6,2.6666666666666665
P0548,1.3333333333333333,4.5,2.6666666666666665
P0549,4,3,2.1666666666666665
P0550,1.3333333333333333,4.166666666666667,2.8333333333333335
P0551,4.4,4.166666666666667,4.166666666666667
P0552,1.8333333333333333,3,4.166666666666667
P0553,2.1666666666666665,1.6666666666666667,4.5
P0554,1.6666666666666667,3.2,3
P0555,1,2.8333333333333335,3.6666666666666665
P0556,3.8,1.6,5
P0557,1.8333333333333333,1.8333333333333333,1
P0558,2,2,1.8333333333333333
P0559,1.1666666666666667,3.6666666666666665,2.5
P0560,4.8,2,4.8
P0561,3.1666666666666665,3.6666666666666665,2.8333333333333335
P0562,4,1.6666666666666667,4.166666666666667
P0563,1.5,3,1.8333333333333333
P0564,3.6666666666666665,5,3.3333333333333335
P0565,2.5,3.8333333333333335,3.3333333333333335
P0566,3,3,4.5
P0567,2.1666666666666665,3.8333333333333335,3.6666666666666665
P0568,3.5,1.5,3.8333333333333335
P0569,4,2,2.4
P0570,2.4,3.8333333333333335,4.166666666666667
P0571,4.666666666666667,1,3.3333333333333335
P0572,1.6666666666666667,2.6666666666666665,3
P0573,3.3333333333333335,3.1666666666666665,4.333333333333333
P0574,2.3333333333333335,1,4
P0575,4.8,2.8333333333333335,5
P0577,2.5,2.3333333333333335,3.5
P0578,1.8333333333333333,2.8333333333333335,3.8
P0579,4,3.5,3.3333333333333335
P0580,2.8333333333333335,2.3333333333333335,3.3333333333333335
P0581,2.5,2.8333333333333335,1.8333333333333333
P0582,2.2,1.8333333333333333,4.666666666666667
P0583,3.5,1.8333333333333333,3.5
P0584,4.5,2.1666666666666665,3.3333333333333335
P0585,4.5,1.4,4.833333333333333
P0586,2.3333333333333335,1.8,3.6666666666666665
P0587,1.6,2.5,2.1666666666666665
P0588,3.6666666666666665,3.5,3.6666666666666665
P0589,4.5,3.5,1.8
P0591,1.8,3.3333333333333335,3.4
P0592,4,3.6,2.1666666666666665
P0593,4.833333333333333,3.3333333333333335,3.6666666666666665
P0594,2.6666666666666665,2.1666666666666665,3
P0595,3.8,2.8333333333333335,1
P0596,3.4,2,1.8333333333333333
P0597,2.5,4.833333333333333,1.2
P0598,1.1666666666666667,2.6666666666666665,2.6666666666666665
P0600,1.6666666666666667,1.8333333333333333,1.3333333333333333
P0601,2.8333333333333335,1.5,4
P0602,2.1666666666666665,2.6666666666666665,2.4
P0604,3.2,2.5,4.333333333333333
P0605,3.8,3.6666666666666665,1.8333333333333333
P0606,2.5,4.5,3.5
P0607,1.6666666666666667,3.3333333333333335,3
P0608,3.8333333333333335,3.6,1.6666666666666667
P0609,2.1666666666666665,3,2.1666666666666665
P0610,1.5,1,3.8333333333333335
P0611,4,3.6666666666666665,3.4
P0612,1.6666666666666667,3.3333333333333335,1.8333333333333333
P0613,4.333333333333333,1.6666666666666667,4.833333333333333
P0614,2.6666666666666665,3.4,2.5
P0615,2.3333333333333335,3,3
P0616,3.1666666666666665,4.666666666666667,1.5
P0617,3.1666666666666665,1.3333333333333333,1.5
P0618,1.5,4.8,3.1666666666666665
P0619,3.6666666666666665,3.2,2.8333333333333335
P0620,4.333333333333333,4.166666666666667,2.6666666666666665
P0621,3.8333333333333335,1.3333333333333333,2.3333333333333335
P0622,2,3.6666666666666665,1.8333333333333333
P0623,2,4.666666666666667,1.6666666666666667
P0624,2.6666666666666665,4,3.1666666666666665
P0625,4,3,3.3333333333333335
P0626,3,1.8333333333333333,4.333333333333333
P0627,2.3333333333333335,3,3.8
P0628,3.5,2.1666666666666665,3.3333333333333335
P0629,3.8333333333333335,2.1666666666666665,3.4
P0630,2.5,3.1666666666666665,2
P0631,1,4.833333333333333,1.8333333333333333
P0632,2.3333333333333335,3.8333333333333335,2.6666666666666665
P0633,4,4,4
P0635,1.1666666666666667,3.1666666666666665,2.1666666666666665
P0636,3.1666666666666665,1.8333333333333333,1.2
P0637,2,4.5,1.6666666666666667
P0638,3.6,2,3.6666666666666665
P0639,2,2,2.5
P0640,3.2,3.5,3.3333333333333335
P0641,3,2.6666666666666665,4.4
P0642,2.75,4,2.3333333333333335
P0643,4.5,2,2.2
P0644,2.3333333333333335,2.1666666666666665,1.1666666666666667
P0645,2.5,4.833333333333333,1.4
P0646,2,4.833333333333333,3.1666666666666665
P0647,2.5,2.6666666666666665,3
P0648,2,4.5,4
P0649,2.5,4.5,3.3333333333333335
P0650,2.8333333333333335,2,1.4
P0651,3.8333333333333335,3.75,4.333333333333333
P0653,3.5,3.4,2.8333333333333335
P0654,2.3333333333333335,3.8333333333333335,2.5
P0655,4.666666666666667,4,3
P0656,2.5,1.3333333333333333,5
P0657,3.4,3.3333333333333335,1.3333333333333333
P0658,5,1.6666666666666667,4.4
P0660,1.5,2,1.2
P0661,1.8333333333333333,4.166666666666667,2.6666666666666665
P0662,1.8333333333333333,4.5,3.25
P0663,4.4,3.6666666666666665,3.5
P0664,3.1666666666666665,3,1.3333333333333333
P0665,2.5,4.2,2.5
P0666,3.5,2.5,2.6666666666666665
P0667,2.5,2.5,3.5
P0668,4,3,1.1666666666666667
P0669,3.6,4.666666666666667,3.6
P0670,1.6666666666666667,4.5,4.5
P0671,1,2.6666666666666665,1.3333333333333333
P0672,1.5,4,3
P0673,2.8333333333333335,3.5,2
P0674,2.6666666666666665,1.8333333333333333,2.3333333333333335
P0675,1.6666666666666667,3.8333333333333335,2.1666666666666665
P0676,4,2,3.6
P0677,2.6666666666666665,4.2,1
P0678,3.8,1.5,2.6
P0679,2.1666666666666665,3.5,2
P0680,3.1666666666666665,2.6666666666666665,3.6666666666666665
P0681,4.5,2.1666666666666665,5
P0682,1.1666666666666667,3.3333333333333335,3
P0683,2.5,2.6666666666666665,2.5
P0684,3.6666666666666665,4.166666666666667,2.3333333333333335
P0685,4,3.8333333333333335,3.3333333333333335
P0686,2.6666666666666665,3.8333333333333335,3.5
P0687,1.1666666666666667,4.5,3.3333333333333335
P0688,2.1666666666666665,4.666666666666667,2.3333333333333335
P0689,2.6666666666666665,5,2.6666666666666665
P0690,2.5,2.5,4.166666666666667
P0691,3.1666666666666665,1.6666666666666667,2
P0692,2.3333333333333335,3.3333333333333335,2.8
P0693,2.8333333333333335,3.3333333333333335,2
P0694,1.8333333333333333,4.333333333333333,1.1666666666666667
P0695,3.1666666666666665,1.8333333333333333,3.3333333333333335
P0696,1.5,4.666666666666667,4.166666666666667
P0697,4.166666666666667,3.6666666666666665,3.5
P0698,4.666666666666667,2,4.166666666666667
P0699,4.833333333333333,3,3.3333333333333335
P0700,1,2.8333333333333335,2.6666666666666665
P0701,4.166666666666667,1.5,3
P0702,2.5,4.2,2.6666666666666665
P0703,2.5,2.75,3.8333333333333335
P0704,3.8,4.5,4.333333333333333
P0705,3,2.5,3.3333333333333335
P0706,3.6,4.166666666666667,2
P0707,3.5,2.3333333333333335,2
P0708,3,2.8333333333333335,3.6
P0709,2,4.5,1.5
P0710,1.8333333333333333,2.3333333333333335,2.6666666666666665
P0711,3.8333333333333335,1.8333333333333333,3.1666666666666665
P0712,3.3333333333333335,3,2.8333333333333335
P0713,3,4.5,3.8333333333333335
P0714,3.5,2,3.5
P0715,3,4.166666666666667,2.8333333333333335
P0716,2.3333333333333335,3,3.6666666666666665
P0717,1.8333333333333333,3.1666666666666665,2.8333333333333335
P0718,5,1.6666666666666667,4.6
P0719,3.1666666666666665,3.3333333333333335,2
P0720,5,2,3.1666666666666665
P0721,5,3.3333333333333335,3.1666666666666665
P0722,2.5,2.6666666666666665,2.3333333333333335
P0723,1.8333333333333333,1,3.8333333333333335
P0724,3.5,2,2.8333333333333335
P0725,3.1666666666666665,2,4.166666666666667
P0726,1.5,4.5,1.2
P0727,1,2.6666666666666665,3.5
P0728,2,2.6666666666666665,2.4
P0729,3.3333333333333335,2.1666666666666665,2.8333333333333335
P0730,2.5,2.8333333333333335,3
P0731,1.6666666666666667,2.8333333333333335,3.3333333333333335
P0732,2.5,3.3333333333333335,3.5
P0733,4.166666666666667,4,4
P0734,3.6666666666666665,1.6666666666666667,4.8
P0735,2.1666666666666665,1.5,3.5
P0736,1.1666666666666667,3.3333333333333335,1.6666666666666667
P0737,2.1666666666666665,3.3333333333333335,1.3333333333333333
P0738,5,3.4,4.5
P0739,2.1666666666666665,5,3.6666666666666665
P0740,2.4,2.3333333333333335,3.5
P0741,4,3.1666666666666665,2.5
P0742,2.6666666666666665,1.4,3
P0743,2.5,2,3.1666666666666665
P0744,2.3333333333333335,3.3333333333333335,3.6666666666666665
P0745,3.6666666666666665,4.666666666666667,4.833333333333333
P0746,2,4.666666666666667,3.4
P0747,1.6666666666666667,2.5,3.5
P0748,2.1666666666666665,3.3333333333333335,3.1666666666666665
P0749,1.8333333333333333,4.166666666666667,1.8333333333333333
P0750,3.8,3.5,2.3333333333333335
P0751,3.3333333333333335,2.3333333333333335,2.6666666666666665
P0752,3.25,4.333333333333333,4.333333333333333
P0755,2.8333333333333335,2.6666666666666665,4
P0756,1.3333333333333333,3.5,3
P0757,4,3.6666666666666665,3.8333333333333335
P0759,4.5,2.5,3
P0760,4.166666666666667,2.6666666666666665,2.6666666666666665
P0761,2.3333333333333335,2,3.4
P0762,3.5,2.6666666666666665,2.1666666666666665
P0763,2,2,2.1666666666666665
P0764,2.3333333333333335,3.1666666666666665,1.8333333333333333
P0765,4.833333333333333,3.6666666666666665,4.166666666666667
P0766,3.1666666666666665,4.4,3.8
P0767,4,2.6,2.8333333333333335
P0768,3.1666666666666665,3.6666666666666665,3
P0769,2.8,1.3333333333333333,2.6
P0770,3.3333333333333335,1.1666666666666667,1.3333333333333333
P0771,4.2,1.8333333333333333,4.5
P0772,1.8,3.6,1.6666666666666667
P0773,2.8333333333333335,4,1.5
P0774,3.8333333333333335,2.8333333333333335,5
P0775,3.6666666666666665,4.166666666666667,3.3333333333333335
P0776,5,2.5,2.5
P0777,1.1666666666666667,4.166666666666667,3.6666666666666665
P0778,3.1666666666666665,2.5,4.333333333333333
P0779,3.5,4.666666666666667,1.5
P0780,2.1666666666666665,3.2,1.6666666666666667
P0781,2,2,2.8333333333333335
P0782,2,2.1666666666666665,3
P0783,2.1666666666666665,4,2
P0785,3.8333333333333335,3.8333333333333335,3.6666666666666665
P0786,1.8,4.833333333333333,2.8333333333333335
P0787,3.3333333333333335,3.1666666666666665,4.833333333333333
P0788,4.166666666666667,1.6,4.166666666666667
P0789,2,3.3333333333333335,1.6666666666666667
P0790,1.8,4.666666666666667,1.8333333333333333
P0791,2,4.666666666666667,1.5
P0793,1.3333333333333333,3.3333333333333335,2.8333333333333335
P0795,1.4,1.8333333333333333,3
P0796,1.3333333333333333,3,1.5
P0797,1.8333333333333333,2.8333333333333335,1
P0798,3.1666666666666665,3.1666666666666665,3.1666666666666665
P0799,3.5,1.3333333333333333,4.5
P0800,2.1666666666666665,3,3
P0801,1.2,3,1.5
P0802,2.6666666666666665,2,2.5
P0803,2.6666666666666665,3.5,1.1666666666666667
P0804,1.3333333333333333,2.3333333333333335,1.25
P0805,3.1666666666666665,2,3
P0806,2.8333333333333335,5,4.333333333333333
P0807,2.4,3.6666666666666665,4.833333333333333
P0808,2.1666666666666665,2,3
P0809,3.3333333333333335,2.1666666666666665,2.8333333333333335
P0811,2.3333333333333335,3,1.8
P0812,3,2.5,3.6666666666666665
P0813,4.666666666666667,1,5
P0814,2,2.1666666666666665,2.5
P0815,4.833333333333333,2.1666666666666665,4.8
P0816,2.1666666666666665,5,1.5
P0817,2.3333333333333335,3.3333333333333335,4.2
P0818,2.6666666666666665,3.2,2.5
P0819,1.6666666666666667,4,1.3333333333333333
P0820,3.1666666666666665,5,3.1666666666666665
P0821,5,1.1666666666666667,4
P0822,1.5,2,2
P0823,3.6666666666666665,3.1666666666666665,1.8333333333333333
P0824,3.6666666666666665,1.8333333333333333,3.8333333333333335
P0825,1.6666666666666667,3.6666666666666665,3.8333333333333335
P0826,1.6666666666666667,2.1666666666666665,4.2
P0827,3.1666666666666665,4.8,4.166666666666667
P0828,1.8333333333333333,3.8333333333333335,3.8333333333333335
P0829,2.1666666666666665,3.6666666666666665,4
P0830,4.4,1.6666666666666667,3.3333333333333335
P0831,3.1666666666666665,5,3.5
P0832,4.333333333333333,1.4,4.666666666666667
P0833,4.166666666666667,2.5,2.1666666666666665
P0834,1.6666666666666667,3.1666666666666665,3.2
P0835,2.8333333333333335,2.8333333333333335,2.3333333333333335
P0837,1.3333333333333333,5,2.1666666666666665
P0838,3.1666666666666665,4.333333333333333,3.8333333333333335
P0839,2,3,1.4
P0840,3.8333333333333335,1.3333333333333333,4.5
P0841,4,3.3333333333333335,2.5
P0842,3.1666666666666665,4.833333333333333,4
P0843,2.5,2.3333333333333335,4.833333333333333
P0844,2.5,3,1.8333333333333333
P0846,4.333333333333333,2.5,3.1666666666666665
P0847,1.8333333333333333,2.5,3.8333333333333335
P0848,4.166666666666667,2.8333333333333335,2
P0849,1.1666666666666667,1.3333333333333333,2.6666666666666665
P0850,3.6666666666666665,4.333333333333333,2.2
P0851,5,1.6666666666666667,3.5
P0852,3.3333333333333335,3.6666666666666665,2.8333333333333335
P0853,3.3333333333333335,4.166666666666667,1.8333333333333333
P0854,2.8333333333333335,2.6666666666666665,1.8333333333333333
P0855,2.6666666666666665,4.333333333333333,1.5
P0856,2.6666666666666665,1,2
P0857,1.5,3.1666666666666665,2.5
P0858,3.5,2.5,2.8333333333333335
P0859,2.6666666666666665,2,2.1666666666666665
P0860,1.3333333333333333,5,1
P0862,3.3333333333333335,1.8,4.833333333333333
P0863,2.5,2.8333333333333335,4.666666666666667
P0864,4.5,4.6,2.3333333333333335
P0865,3.8333333333333335,3,1.6666666666666667
P0866,2,3.5,4.5
P0867,2,4.166666666666667,1.5
P0868,3.3333333333333335,4.5,4.166666666666667
P0869,3,2.1666666666666665,4.333333333333333
P0870,2.5,2.6666666666666665,3.3333333333333335
P0872,2.3333333333333335,2.5,2
P0873,1.6666666666666667,2,1.5
P0874,3.1666666666666665,1.3333333333333333,1.8333333333333333
P0875,2.5,3,5
P0876,1.8333333333333333,3.8333333333333335,2
P0877,3.1666666666666665,2.5,2.1666666666666665
P0878,2.3333333333333335,1.6666666666666667,3.1666666666666665
P0879,4.833333333333333,2,3.6666666666666665
P0880,1.1666666666666667,2.6,1.3333333333333333
P0881,4.166666666666667,4.666666666666667,2.8333333333333335
P0883,3.8333333333333335,3.5,2.1666666666666665
P0884,2,2.3333333333333335,1
P0885,3.3333333333333335,3.8333333333333335,3
P0886,3.1666666666666665,2.2,4.5
P0887,1.8333333333333333,3.1666666666666665,1.8333333333333333
P0888,2.5,2.5,3.1666666666666665
P0889,3.6666666666666665,2.6666666666666665,1.3333333333333333
P0890,4.333333333333333,1.5,4
P0891,2.5,2,3.8333333333333335
P0892,2.3333333333333335,1.3333333333333333,2
P0893,2.3333333333333335,2.8333333333333335,3.8333333333333335
P0894,2.3333333333333335,2.4,2.6666666666666665
P0896,3.6,2.5,3
P0897,2.6666666666666665,4.166666666666667,2.4
P0898,1.1666666666666667,4,1.8333333333333333
P0899,4.166666666666667,4.4,1.6666666666666667
P0900,3.6666666666666665,4.166666666666667,3.5
