item,q01,q02,q03,q04,q05,q06,q07,q08,q09,q10,q11,q12,q13,q14,q15,q16,q17,q18
q01,1,0.4043062200956938,0.4117647058823529,0.40875912408759124,0.45864661654135336,0.4226044226044226,0.2813186813186813,0.2554585152838428,0.27608695652173915,0.2657952069716776,0.2516703786191537,0.289237668161435,0.1710794297352342,0.18613861386138614,0.18947368421052632,0.20240480961923848,0.1659919028340081,0.1752988047808765
q02,0.4043062200956938,1,0.3598130841121495,0.39069767441860465,0.4396135265700483,0.4019138755980861,0.27194860813704497,0.25957446808510637,0.2835820895522388,0.24843423799582465,0.25,0.32662192393736017,0.17706237424547283,0.18058252427184465,0.16700201207243462,0.17829457364341086,0.1790744466800805,0.1744186046511628
q03,0.4117647058823529,0.3598130841121495,1,0.3598130841121495,0.40389294403892945,0.36904761904761907,0.2646420824295011,0.24891774891774893,0.2766884531590414,0.2505353319057816,0.26339285714285715,0.31221719457013575,0.19254658385093168,0.21428571428571427,0.2055084745762712,0.20240480961923848,0.20166320166320167,0.1749502982107356
q04,0.40875912408759124,0.39069767441860465,0.3598130841121495,1,0.38927738927738925,0.3824228028503563,0.2515991471215352,0.23354564755838642,0.2611464968152866,0.2375,0.24406047516198703,0.2907488986784141,0.1709741550695825,0.1685823754789272,0.166,0.18058252427184465,0.17943548387096775,0.17475728155339806
q05,0.45864661654135336,0.4396135265700483,0.40389294403892945,0.38927738927738925,1,0.4188861985472155,0.30043859649122806,0.29646017699115046,0.314410480349345,0.2928416485900217,0.25820568927789933,0.3393665158371041,0.14313725490196078,0.189453125,0.16565656565656567,0.1898238747553816,0.1898989898989899,0.1807465618860511
q06,0.4226044226044226,0.4019138755980861,0.36904761904761907,0.3824228028503563,0.4188861985472155,1,0.3235955056179775,0.29646017699115046,0.2956521739130435,0.27586206896551724,0.27702702702702703,0.34022988505747126,0.15737051792828685,0.19094488188976377,0.1673469387755102,0.18786692759295498,0.18016194331983806,0.17913385826771652
q07,0.2813186813186813,0.27194860813704497,0.2646420824295011,0.2515991471215352,0.30043859649122806,0.3235955056179775,1,0.4458128078817734,0.43373493975903615,0.4485294117647059,0.435,0.42995169082125606,0.20612244897959184,0.19603960396039605,0.17647058823529413,0.2250996015936255,0.19467213114754098,0.16506717850287908
q08,0.2554585152838428,0.25957446808510637,0.24891774891774893,0.23354564755838642,0.29646017699115046,0.29646017699115046,0.4458128078817734,1,0.4014251781472684,0.3932853717026379,0.39851485148514854,0.4282238442822384,0.1623246492985972,0.194,0.1690427698574338,0.21887550200803213,0.17515274949083504,0.1617933723196881
q09,0.27608695652173915,0.2835820895522388,0.2766884531590414,0.2611464968152866,0.314410480349345,0.2956521739130435,0.43373493975903615,0.4014251781472684,1,0.4131455399061033,0.3783132530120482,0.4172661870503597,0.1936127744510978,0.1891891891891892,0.18585858585858586,0.21893491124260356,0.21267893660531698,0.1676190476190476
q10,0.2657952069716776,0.24843423799582465,0.2505353319057816,0.2375,0.2928416485900217,0.27586206896551724,0.4485294117647059,0.3932853717026379,0.4131455399061033,1,0.38072289156626504,0.42685851318944845,0.1746031746031746,0.20948616600790515,0.1971252566735113,0.20948616600790515,0.18562874251497005,0.16221374045801526
q11,0.2516703786191537,0.25,0.26339285714285715,0.24406047516198703,0.25820568927789933,0.27702702702702703,0.435,0.39851485148514854,0.3783132530120482,0.38072289156626504,1,0.39036144578313253,0.19238900634249473,0.19583333333333333,0.1683991683991684,0.21030927835051547,0.16561844863731656,0.13060428849902533
q12,0.289237668161435,0.32662192393736017,0.31221719457013575,0.2907488986784141,0.3393665158371041,0.34022988505747126,0.42995169082125606,0.4282238442822384,0.4172661870503597,0.42685851318944845,0.39036144578313253,1,0.1746031746031746,0.17509727626459143,0.18329938900203666,0.20436507936507936,0.1951219512195122,0.16472868217054262
q13,0.1710794297352342,0.17706237424547283,0.19254658385093168,0.1709741550695825,0.14313725490196078,0.15737051792828685,0.20612244897959184,0.1623246492985972,0.1936127744510978,0.1746031746031746,0.19238900634249473,0.1746031746031746,1,0.48877805486284287,0.43532338308457713,0.4329411764705882,0.44836272040302266,0.37819025522041766
q14,0.18613861386138614,0.18058252427184465,0.21428571428571427,0.1685823754789272,0.189453125,0.19094488188976377,0.19603960396039605,0.194,0.1891891891891892,0.20948616600790515,0.19583333333333333,0.17509727626459143,0.48877805486284287,1,0.4227053140096618,0.45243619489559167,0.41904761904761906,0.41189931350114417
q15,0.18947368421052632,0.16700201207243462,0.2055084745762712,0.166,0.16565656565656567,0.1673469387755102,0.17647058823529413,0.1690427698574338,0.18585858585858586,0.1971252566735113,0.1683991683991684,0.18329938900203666,0.43532338308457713,0.4227053140096618,1,0.40046296296296297,0.40487804878048783,0.34782608695652173
q16,0.20240480961923848,0.17829457364341086,0.20240480961923848,0.18058252427184465,0.1898238747553816,0.18786692759295498,0.2250996015936255,0.21887550200803213,0.21893491124260356,0.20948616600790515,0.21030927835051547,0.20436507936507936,0.4329411764705882,0.45243619489559167,0.40046296296296297,1,0.4295774647887324,0.39420935412026725
q17,0.1659919028340081,0.1790744466800805,0.20166320166320167,0.17943548387096775,0.1898989898989899,0.18016194331983806,0.19467213114754098,0.17515274949083504,0.21267893660531698,0.18562874251497005,0.16561844863731656,0.1951219512195122,0.44836272040302266,0.41904761904761906,0.40487804878048783,0.4295774647887324,1,0.3607305936073059
q18,0.1752988047808765,0.1744186046511628,0.1749502982107356,0.17475728155339806,0.1807465618860511,0.17913385826771652,0.16506717850287908,0.1617933723196881,0.1676190476190476,0.16221374045801526,0.13060428849902533,0.16472868217054262,0.37819025522041766,0.41189931350114417,0.34782608695652173,0.39420935412026725,0.3607305936073059,1
