item,n_observed,mean,sd,median,iqr,missing_percent,floor_percent,ceiling_percent,corrected_item_total_r
q01,830,2.893,1.333,3,2,2.81,19.88,14.337,0.415
q02,830,2.958,1.349,3,2,2.81,18.072,16.867,0.363
q03,833,2.897,1.317,3,2,2.459,18.127,14.406,0.37
q04,831,2.937,1.349,3,2,2.693,17.69,16.847,0.245
q05,832,2.912,1.376,3,2,2.576,19.832,17.067,0.415
q06,830,2.92,1.364,3,2,2.81,17.952,17.59,0.392
q07,829,2.928,1.364,3,2,2.927,18.938,16.767,0.414
q08,833,2.95,1.374,3,2,2.459,18.607,18.727,0.345
q09,835,2.943,1.375,3,2,2.225,18.204,18.084,0.401
q10,839,2.89,1.408,3,2,1.756,21.216,18.355,0.392
q11,828,2.908,1.332,3,2,3.044,17.754,16.184,0.347
q12,826,2.919,1.413,3,2,3.279,21.429,18.765,0.446
q13,828,2.914,1.363,3,2,3.044,19.324,16.667,0.161
q14,839,2.893,1.402,3,2,1.756,21.931,17.044,0.142
q15,836,2.896,1.399,3,2,2.108,20.455,18.9,0.109
q16,834,2.989,1.371,3,2,2.342,17.986,18.225,0.15
q17,830,2.946,1.383,3,2,2.81,18.313,19.398,0.141
q18,833,2.91,1.393,3,2,2.459,21.248,16.927,-0.007
