item,beta,std_error,conf_low,conf_high,p_value,p_fdr,significant_fdr
q01,0.9572773076313841,0.06385400141218907,0.8319418885845076,1.0826127266782606,4.127915789658378e-45,7.43024842138508e-44,TRUE
q05,0.9177752436759388,0.06423003947640771,0.7917021686599843,1.0438483186918932,1.4747914631414826e-41,1.3273123168273344e-40,TRUE
q06,0.9147943677306215,0.06450039076774951,0.7881901874635415,1.0413985479977015,5.10382477900347e-41,3.062294867402082e-40,TRUE
q02,0.9132747624442563,0.0647038214047695,0.7862712796499426,1.0402782452385702,1.1122056288335926e-40,5.004925329751167e-40,TRUE
q12,0.8259034548717885,0.06602291425534287,0.6963098714598236,0.9554970382837534,5.465522451706595e-33,1.967588082614374e-32,TRUE
q04,0.7979637784639823,0.06593712750397715,0.6685397388697147,0.9273878180582498,3.749818070862443e-31,1.124945421258733e-30,TRUE
q10,0.7510210774420729,0.06626346597554819,0.6209583183460755,0.8810838365380703,8.54195174269388e-28,2.1965018766927122e-27,TRUE
q03,0.7619646745878864,0.06732501256264369,0.6298169069044012,0.8941124422713717,1.0326314183291986e-27,2.323420691240697e-27,TRUE
q07,0.733809590932917,0.06722114983549132,0.6018647508411157,0.8657544310247183,5.260971492401331e-26,1.0521942984802663e-25,TRUE
q09,0.709535819150361,0.0673786139021057,0.5772833074833693,0.8417883308173527,1.9996626951829902e-24,3.599392851329382e-24,TRUE
q08,0.6838076255452554,0.06751778613332626,0.5512814755033506,0.8163337755871602,8.307545782039047e-23,1.3594165825154805e-22,TRUE
q14,-0.6442109172836902,0.06749376820472357,-0.7766885289699151,-0.5117333055974652,1.4623781009032638e-20,2.1935671513548957e-20,TRUE
q18,-0.6357799398031567,0.067572457134338,-0.7684133998991666,-0.5031464797071469,4.808915626832879e-20,6.65849856023014e-20,TRUE
q15,-0.6287395445499528,0.0677886968976329,-0.7617967440599376,-0.49568234503996805,1.4988044694947439e-19,1.9270343179218137e-19,TRUE
q13,-0.6187244256405913,0.0685473306385962,-0.7532725963793732,-0.48417625490180943,1.2356210592429688e-18,1.4827452710915624e-18,TRUE
q17,-0.5955648663642458,0.06875366239172682,-0.7305175536868229,-0.4606121790416686,2.413500579984176e-17,2.7151881524821977e-17,TRUE
q11,0.5654122909243424,0.0692556732040666,0.4294737495387013,0.7013508323099835,1.2113464444988172e-15,1.2826021177046301e-15,TRUE
q16,-0.5529614247570436,0.06859985028211847,-0.6876112484336574,-0.4183116010804297,2.642207741645508e-15,2.642207741645508e-15,TRUE
