id,missing_prop,response_sd,max_identical_run,completion_time_min,attention_check,flag_missing,flag_straightline,flag_speed,flag_attention,quality_flag
P0001,0.05555555555555555,1.5811388300841898,4,7.6,1,FALSE,FALSE,FALSE,FALSE,FALSE
P0002,0.05555555555555555,1.3173056280328643,6,15.3,1,FALSE,FALSE,FALSE,FALSE,FALSE
P0003,0,0.9701425001453319,3,5.9,1,FALSE,FALSE,FALSE,FALSE,FALSE
P0004,0,1.465284553774253,2,6,1,FALSE,FALSE,FALSE,FALSE,FALSE
P0005,0,1.4371358589653878,2,12.6,1,FALSE,FALSE,FALSE,FALSE,FALSE
P0006,0,1.7895849739771976,6,7.4,1,FALSE,FALSE,FALSE,FALSE,FALSE
P0007,0.05555555555555555,1.4168108346481796,3,5.1,1,FALSE,FALSE,FALSE,FALSE,FALSE
P0008,0.1111111111111111,1.408308678285174,3,5.5,1,FALSE,FALSE,FALSE,FALSE,FALSE
P0009,0.05555555555555555,0.7475450015964021,4,12.6,1,FALSE,FALSE,FALSE,FALSE,FALSE
P0010,0,1.1950332945836273,2,9.1,1,FALSE,FALSE,FALSE,FALSE,FALSE
P0011,0,1.1490262999202834,2,9.9,1,FALSE,FALSE,FALSE,FALSE,FALSE
P0012,0.05555555555555555,1.0537049480984033,3,5.8,1,FALSE,FALSE,FALSE,FALSE,FALSE
P0013,0,1.2782749814122838,2,6.7,1,FALSE,FALSE,FALSE,FALSE,FALSE
P0014,0.05555555555555555,0.7071067811865476,4,16.2,1,FALSE,FALSE,FALSE,FALSE,FALSE
P0015,0,1.6851911704746594,6,11.7,1,FALSE,FALSE,FALSE,FALSE,FALSE
P0016,0,1.3382263161373769,6,16,1,FALSE,FALSE,FALSE,FALSE,FALSE
P0017,0,1.5434872662825796,3,1.2,0,FALSE,FALSE,TRUE,TRUE,TRUE
P0018,0.1111111111111111,1.1528949070347507,2,5,1,FALSE,FALSE,FALSE,FALSE,FALSE
P0019,0,1.0740552924509192,3,9,1,FALSE,FALSE,FALSE,FALSE,FALSE
P0020,0.05555555555555555,1.1788578719900635,2,4.9,1,FALSE,FALSE,FALSE,FALSE,FALSE
P0021,0,0.9428090415820634,2,5.7,1,FALSE,FALSE,FALSE,FALSE,FALSE
P0022,0.05555555555555555,1.0744355563298724,3,10.4,1,FALSE,FALSE,FALSE,FALSE,FALSE
P0023,0,0.9633818428657448,3,22.9,1,FALSE,FALSE,FALSE,FALSE,FALSE
P0024,0.05555555555555555,1.5218989685876771,5,6,1,FALSE,FALSE,FALSE,FALSE,FALSE
P0025,0,1.2153699778283713,3,11.3,1,FALSE,FALSE,FALSE,FALSE,FALSE
P0026,0,1.6179144164088315,3,8.6,1,FALSE,FALSE,FALSE,FALSE,FALSE
P0027,0.05555555555555555,1.4975470138942315,3,10.2,1,FALSE,FALSE,FALSE,FALSE,FALSE
P0028,0.05555555555555555,1.21872643265298,3,6.6,1,FALSE,FALSE,FALSE,FALSE,FALSE
P0029,0,1.0556415513645343,2,3,1,FALSE,FALSE,FALSE,FALSE,FALSE
P0030,0.05555555555555555,1.1599949289950011,6,8,1,FALSE,FALSE,FALSE,FALSE,FALSE
P0031,0,0.8947924869885988,4,8.8,1,FALSE,FALSE,FALSE,FALSE,FALSE
P0032,0,0.8574929257125443,2,7.3,1,FALSE,FALSE,FALSE,FALSE,FALSE
P0033,0,0.9851843661437781,3,5.3,1,FALSE,FALSE,FALSE,FALSE,FALSE
P0034,0,1.178511301977579,2,4.7,1,FALSE,FALSE,FALSE,FALSE,FALSE
P0035,0,1.0740552924509192,2,10.2,1,FALSE,FALSE,FALSE,FALSE,FALSE
P0036,0.05555555555555555,1.317305628032864,1,8.4,1,FALSE,FALSE,FALSE,FALSE,FALSE
P0037,0,1.3826657968874305,4,12.8,1,FALSE,FALSE,FALSE,FALSE,FALSE
P0038,0.05555555555555555,1.175735064194511,4,10.1,1,FALSE,FALSE,FALSE,FALSE,FALSE
P0039,0.1111111111111111,1.0781929326423914,4,3.9,1,FALSE,FALSE,FALSE,FALSE,FALSE
P0040,0.1111111111111111,1.1254628677422756,3,6.5,1,FALSE,FALSE,FALSE,FALSE,FALSE
P0041,0,1.3719886811400708,3,19,1,FALSE,FALSE,FALSE,FALSE,FALSE
P0042,0,1.2366938848016849,5,6.8,1,FALSE,FALSE,FALSE,FALSE,FALSE
P0043,0.05555555555555555,0.9034248560828043,3,7.3,1,FALSE,FALSE,FALSE,FALSE,FALSE
P0044,0,1.0369008625190792,4,7.2,1,FALSE,FALSE,FALSE,FALSE,FALSE
P0045,0,1.2833778958394957,3,3.3,1,FALSE,FALSE,FALSE,FALSE,FALSE
P0046,0.1111111111111111,1.2365947867699696,2,10.3,1,FALSE,FALSE,FALSE,FALSE,FALSE
P0047,0,1.5167905573187226,3,7.7,1,FALSE,FALSE,FALSE,FALSE,FALSE
P0048,0,1.1881770515720091,3,10.2,1,FALSE,FALSE,FALSE,FALSE,FALSE
P0049,0.05555555555555555,1.3666188418222285,3,6.6,1,FALSE,FALSE,FALSE,FALSE,FALSE
P0050,0,1.381483525788905,2,5,1,FALSE,FALSE,FALSE,FALSE,FALSE
P0051,0,1.2432826042324119,5,8.1,1,FALSE,FALSE,FALSE,FALSE,FALSE
P0052,0.05555555555555555,1.4901638283404,5,6.6,1,FALSE,FALSE,FALSE,FALSE,FALSE
P0053,0.05555555555555555,1.3639259941972872,3,6.6,1,FALSE,FALSE,FALSE,FALSE,FALSE
P0054,0.05555555555555555,1.1114378604524224,2,13.4,1,FALSE,FALSE,FALSE,FALSE,FALSE
P0055,0.05555555555555555,1.2718675476729207,2,8.1,1,FALSE,FALSE,FALSE,FALSE,FALSE
P0056,0,0.9235481451827989,6,16.4,1,FALSE,FALSE,FALSE,FALSE,FALSE
P0057,0.05555555555555555,1.2976222599091636,2,8.8,1,FALSE,FALSE,FALSE,FALSE,FALSE
P0058,0,1.0740552924509195,2,5.7,1,FALSE,FALSE,FALSE,FALSE,FALSE
P0059,0,0.9002541398626662,3,8.6,1,FALSE,FALSE,FALSE,FALSE,FALSE
P0060,0.05555555555555555,1.3800042625680118,2,5.5,1,FALSE,FALSE,FALSE,FALSE,FALSE
P0061,0.05555555555555555,0.9926198253344827,6,8.8,1,FALSE,FALSE,FALSE,FALSE,FALSE
P0062,0.05555555555555555,0.9963167462326071,3,8.7,1,FALSE,FALSE,FALSE,FALSE,FALSE
P0063,0.1111111111111111,1.02469507659596,2,8.5,1,FALSE,FALSE,FALSE,FALSE,FALSE
P0064,0,1.0369008625190792,2,10.1,1,FALSE,FALSE,FALSE,FALSE,FALSE
P0065,0.05555555555555555,1.4627733530362594,2,4.8,1,FALSE,FALSE,FALSE,FALSE,FALSE
P0066,0,0,18,1.1,1,FALSE,TRUE,TRUE,FALSE,TRUE
P0067,0.05555555555555555,1.5600716423971575,5,3.8,1,FALSE,FALSE,FALSE,FALSE,FALSE
P0068,0.05555555555555555,1.495090003192804,3,11.3,1,FALSE,FALSE,FALSE,FALSE,FALSE
P0069,0,1.5718104959867516,3,5.1,1,FALSE,FALSE,FALSE,FALSE,FALSE
P0070,0,1.1318329168362204,2,4.6,1,FALSE,FALSE,FALSE,FALSE,FALSE
P0071,0.05555555555555555,1.2631659571466123,3,9.1,1,FALSE,FALSE,FALSE,FALSE,FALSE
P0072,0,1.688097509806344,4,2.6,0,FALSE,FALSE,FALSE,TRUE,TRUE
P0073,0,1.5339299776947408,6,7.9,1,FALSE,FALSE,FALSE,FALSE,FALSE
P0074,0,1.0966377611066325,3,8,1,FALSE,FALSE,FALSE,FALSE,FALSE
P0075,0,1.1504474832710558,3,12.2,1,FALSE,FALSE,FALSE,FALSE,FALSE
P0076,0.05555555555555555,1.3200935795706035,3,12.3,1,FALSE,FALSE,FALSE,FALSE,FALSE
P0077,0,1.533929977694741,3,2.7,1,FALSE,FALSE,FALSE,FALSE,FALSE
P0078,0,1.2744343869089327,4,7.9,1,FALSE,FALSE,FALSE,FALSE,FALSE
P0079,0,0.9785276387866011,5,12.9,1,FALSE,FALSE,FALSE,FALSE,FALSE
P0080,0,1.3345582608616182,2,11.3,1,FALSE,FALSE,FALSE,FALSE,FALSE
P0081,0,1.2432826042324119,2,10.8,1,FALSE,FALSE,FALSE,FALSE,FALSE
P0082,0,1.367216532138064,4,8.3,1,FALSE,FALSE,FALSE,FALSE,FALSE
P0083,0,1.274434386908933,5,9.1,1,FALSE,FALSE,FALSE,FALSE,FALSE
P0084,0,1.4142135623730951,3,9.7,1,FALSE,FALSE,FALSE,FALSE,FALSE
P0085,0.05555555555555555,1.1694644324747672,3,5.8,1,FALSE,FALSE,FALSE,FALSE,FALSE
P0086,0,1.4199788270537859,3,8.9,1,FALSE,FALSE,FALSE,FALSE,FALSE
P0087,0,1.0431851677040116,3,7.1,1,FALSE,FALSE,FALSE,FALSE,FALSE
P0088,0.05555555555555555,1.1213175023946031,3,4.9,1,FALSE,FALSE,FALSE,FALSE,FALSE
P0089,0,1.1504474832710556,2,11,1,FALSE,FALSE,FALSE,FALSE,FALSE
P0090,0,1.696786659341787,6,9.3,1,FALSE,FALSE,FALSE,FALSE,FALSE
P0091,0,1.2744343869089327,7,5.6,1,FALSE,FALSE,FALSE,FALSE,FALSE
P0092,0,1.3636264606493254,4,5.7,1,FALSE,FALSE,FALSE,FALSE,FALSE
P0093,0.05555555555555555,1.2689736473414484,2,8.1,1,FALSE,FALSE,FALSE,FALSE,FALSE
P0094,0,1.3048426644944466,3,6.1,1,FALSE,FALSE,FALSE,FALSE,FALSE
P0095,0.05555555555555555,1.3719886811400708,2,6.7,1,FALSE,FALSE,FALSE,FALSE,FALSE
P0096,0,1.352799083189046,6,11.6,1,FALSE,FALSE,FALSE,FALSE,FALSE
P0097,0,0.9428090415820634,3,14.7,1,FALSE,FALSE,FALSE,FALSE,FALSE
P0098,0.1111111111111111,1.5,2,5.3,1,FALSE,FALSE,FALSE,FALSE,FALSE
P0099,0.05555555555555555,1.695582495781317,5,5.1,1,FALSE,FALSE,FALSE,FALSE,FALSE
P0100,0,0,18,1.4,0,FALSE,TRUE,TRUE,TRUE,TRUE
P0101,0,1.278274981412284,4,7.4,1,FALSE,FALSE,FALSE,FALSE,FALSE
P0102,0,1.2153699778283713,3,9.8,1,FALSE,FALSE,FALSE,FALSE,FALSE
P0103,0,1.2313975269103985,3,8.1,1,FALSE,FALSE,FALSE,FALSE,FALSE
P0104,0,1.0416176459053668,3,15.5,1,FALSE,FALSE,FALSE,FALSE,FALSE
P0105,0,1.381483525788905,4,8,1,FALSE,FALSE,FALSE,FALSE,FALSE
P0106,0,1.3636264606493256,4,8.5,1,FALSE,FALSE,FALSE,FALSE,FALSE
P0107,0,1.5167905573187228,4,11.3,1,FALSE,FALSE,FALSE,FALSE,FALSE
P0108,0.05555555555555555,1.678146736905994,5,10.7,1,FALSE,FALSE,FALSE,FALSE,FALSE
P0109,0,1.3394467690277294,4,8.1,1,FALSE,FALSE,FALSE,FALSE,FALSE
P0110,0.1111111111111111,1.6278820596099706,3,9.9,1,FALSE,FALSE,FALSE,FALSE,FALSE
P0111,0,1.477500096767412,3,13.1,1,FALSE,FALSE,FALSE,FALSE,FALSE
P0112,0,1.3956046783744502,3,3,0,FALSE,FALSE,FALSE,TRUE,TRUE
P0113,0.05555555555555555,0.931475742477242,3,6.6,1,FALSE,FALSE,FALSE,FALSE,FALSE
P0114,0.05555555555555555,1.147247344990711,3,7.9,1,FALSE,FALSE,FALSE,FALSE,FALSE
P0115,0,1.4552137502179978,5,11.1,1,FALSE,FALSE,FALSE,FALSE,FALSE
P0116,0,0.9983646759294876,3,13.5,1,FALSE,FALSE,FALSE,FALSE,FALSE
P0117,0,1.0846522890932808,2,9.2,1,FALSE,FALSE,FALSE,FALSE,FALSE
P0118,0.05555555555555555,1.3585242858683526,2,7.6,1,FALSE,FALSE,FALSE,FALSE,FALSE
P0119,0,1.756407504043819,4,16.1,1,FALSE,FALSE,FALSE,FALSE,FALSE
P0120,0,0.7047921864945659,7,9.5,1,FALSE,FALSE,FALSE,FALSE,FALSE
P0121,0,1.5645166724265527,4,13.1,1,FALSE,FALSE,FALSE,FALSE,FALSE
P0122,0,1.5519332240873458,3,8.8,1,FALSE,FALSE,FALSE,FALSE,FALSE
P0123,0.05555555555555555,1.046703508780838,3,6.8,1,FALSE,FALSE,FALSE,FALSE,FALSE
P0124,0.05555555555555555,1.4090046549415862,2,14.4,1,FALSE,FALSE,FALSE,FALSE,FALSE
P0125,0.05555555555555555,1.5834623270468011,4,5.8,1,FALSE,FALSE,FALSE,FALSE,FALSE
P0126,0.05555555555555555,1.0571882797418488,3,11.6,1,FALSE,FALSE,FALSE,FALSE,FALSE
P0127,0.05555555555555555,1.3449251017851382,3,4.4,1,FALSE,FALSE,FALSE,FALSE,FALSE
P0128,0.05555555555555555,1.2126781251816647,3,6.5,1,FALSE,FALSE,FALSE,FALSE,FALSE
P0129,0,1.3719886811400708,3,4.9,1,FALSE,FALSE,FALSE,FALSE,FALSE
P0130,0,1.1826634392157036,6,10.2,1,FALSE,FALSE,FALSE,FALSE,FALSE
P0131,0,1.338226316137377,2,8.6,1,FALSE,FALSE,FALSE,FALSE,FALSE
P0132,0,1.6528841894672626,6,8.8,1,FALSE,FALSE,FALSE,FALSE,FALSE
P0133,0,0.8498365855987975,4,8.3,1,FALSE,FALSE,FALSE,FALSE,FALSE
P0134,0,1.0981267472114393,2,8.3,1,FALSE,FALSE,FALSE,FALSE,FALSE
P0135,0.1111111111111111,1.459166428707386,2,11.6,1,FALSE,FALSE,FALSE,FALSE,FALSE
P0136,0,1.127493605332358,2,13.7,1,FALSE,FALSE,FALSE,FALSE,FALSE
P0137,0,1.5167905573187228,2,6.6,1,FALSE,FALSE,FALSE,FALSE,FALSE
P0138,0.05555555555555555,0.8617697249402124,4,9.4,1,FALSE,FALSE,FALSE,FALSE,FALSE
P0139,0.05555555555555555,1.1147408034263073,5,6.3,1,FALSE,FALSE,FALSE,FALSE,FALSE
P0140,0,1.3636264606493256,2,11.7,1,FALSE,FALSE,FALSE,FALSE,FALSE
P0141,0.05555555555555555,0.9663454503498038,3,4.3,1,FALSE,FALSE,FALSE,FALSE,FALSE
P0142,0,1.3234931004459767,3,8.3,1,FALSE,FALSE,FALSE,FALSE,FALSE
P0143,0,1.3394467690277296,3,4.3,1,FALSE,FALSE,FALSE,FALSE,FALSE
P0144,0,1.1881770515720091,6,10.8,1,FALSE,FALSE,FALSE,FALSE,FALSE
P0145,0,1.3491706481792793,2,11.2,1,FALSE,FALSE,FALSE,FALSE,FALSE
P0146,0,1.4473324572571655,3,11.4,1,FALSE,FALSE,FALSE,FALSE,FALSE
P0147,0.05555555555555555,1.3639259941972874,3,10.2,1,FALSE,FALSE,FALSE,FALSE,FALSE
P0148,0,1.178511301977579,3,8.1,1,FALSE,FALSE,FALSE,FALSE,FALSE
P0149,0,0.9582800496696,4,10.1,1,FALSE,FALSE,FALSE,FALSE,FALSE
P0150,0,1.6803361008336117,5,10.7,1,FALSE,FALSE,FALSE,FALSE,FALSE
P0151,0,1.0740552924509192,2,13.9,1,FALSE,FALSE,FALSE,FALSE,FALSE
P0152,0.05555555555555555,1,4,6.4,1,FALSE,FALSE,FALSE,FALSE,FALSE
P0153,0,1.4741786236338814,2,8.9,1,FALSE,FALSE,FALSE,FALSE,FALSE
P0154,0.1111111111111111,0.9979144919948469,7,5.7,1,FALSE,FALSE,FALSE,FALSE,FALSE
P0155,0,0.9582800496695999,2,9.6,1,FALSE,FALSE,FALSE,FALSE,FALSE
P0156,0,1.4337208778404376,2,9.7,1,FALSE,FALSE,FALSE,FALSE,FALSE
P0157,0,1.2472191289246473,4,8.4,1,FALSE,FALSE,FALSE,FALSE,FALSE
P0158,0.05555555555555555,0.9432422182837986,10,8.1,1,FALSE,FALSE,FALSE,FALSE,FALSE
P0159,0,1.1881770515720091,4,13,1,FALSE,FALSE,FALSE,FALSE,FALSE
P0160,0,1.2432826042324119,3,9.4,1,FALSE,FALSE,FALSE,FALSE,FALSE
P0161,0,0,18,2.7,0,FALSE,TRUE,FALSE,TRUE,TRUE
P0162,0,0.9701425001453319,4,12.5,1,FALSE,FALSE,FALSE,FALSE,FALSE
P0163,0.05555555555555555,1.0537049480984033,2,5.9,1,FALSE,FALSE,FALSE,FALSE,FALSE
P0164,0.05555555555555555,1.4552137502179978,2,20.9,1,FALSE,FALSE,FALSE,FALSE,FALSE
P0165,0.1111111111111111,1.0878112581387147,4,9.9,1,FALSE,FALSE,FALSE,FALSE,FALSE
P0166,0.05555555555555555,1.4142135623730951,3,12.7,1,FALSE,FALSE,FALSE,FALSE,FALSE
P0167,0.05555555555555555,1.3666188418222285,4,6.2,1,FALSE,FALSE,FALSE,FALSE,FALSE
P0168,0,1.1950332945836273,3,12.9,1,FALSE,FALSE,FALSE,FALSE,FALSE
P0169,0,1.4245742398014511,5,9.1,1,FALSE,FALSE,FALSE,FALSE,FALSE
P0170,0,1.564516672426553,3,1.3,1,FALSE,FALSE,TRUE,FALSE,TRUE
P0171,0,1.3636264606493256,2,11,1,FALSE,FALSE,FALSE,FALSE,FALSE
P0172,0,0.6391374907061419,4,9.9,1,FALSE,FALSE,FALSE,FALSE,FALSE
P0173,0.05555555555555555,1.0880365478290537,6,7,1,FALSE,FALSE,FALSE,FALSE,FALSE
P0174,0.05555555555555555,1.2004900959975617,6,5.4,1,FALSE,FALSE,FALSE,FALSE,FALSE
P0175,0.05555555555555555,1.1788578719900635,3,6.8,1,FALSE,FALSE,FALSE,FALSE,FALSE
P0176,0,1.0966377611066325,3,10.5,1,FALSE,FALSE,FALSE,FALSE,FALSE
P0177,0,0,18,1.6,0,FALSE,TRUE,TRUE,TRUE,TRUE
P0178,0,1.2935233335271092,2,14.5,1,FALSE,FALSE,FALSE,FALSE,FALSE
P0179,0,1.3527990831890462,3,5.9,1,FALSE,FALSE,FALSE,FALSE,FALSE
P0180,0.05555555555555555,1.1245914290767742,3,13.1,1,FALSE,FALSE,FALSE,FALSE,FALSE
P0181,0,1.4234267774809048,3,4.8,1,FALSE,FALSE,FALSE,FALSE,FALSE
P0182,0,1.2744343869089327,6,9.2,1,FALSE,FALSE,FALSE,FALSE,FALSE
P0183,0.05555555555555555,1.4090046549415862,3,13,1,FALSE,FALSE,FALSE,FALSE,FALSE
P0184,0,1.1785113019775793,4,5.4,1,FALSE,FALSE,FALSE,FALSE,FALSE
P0185,0,1.178511301977579,6,5.3,1,FALSE,FALSE,FALSE,FALSE,FALSE
P0186,0,0.9785276387866012,3,10.4,1,FALSE,FALSE,FALSE,FALSE,FALSE
P0187,0,1.4608172124206968,2,7.5,1,FALSE,FALSE,FALSE,FALSE,FALSE
P0188,0.05555555555555555,1.4552137502179976,2,7.4,1,FALSE,FALSE,FALSE,FALSE,FALSE
P0189,0.1111111111111111,1.181453906563152,4,9.6,1,FALSE,FALSE,FALSE,FALSE,FALSE
P0190,0.05555555555555555,1.2366938848016846,2,9.7,1,FALSE,FALSE,FALSE,FALSE,FALSE
P0191,0,1.4741786236338814,3,1.7,0,FALSE,FALSE,TRUE,TRUE,TRUE
P0192,0.05555555555555555,1.21872643265298,3,6.3,1,FALSE,FALSE,FALSE,FALSE,FALSE
P0193,0.05555555555555555,1.656093916063799,3,11,1,FALSE,FALSE,FALSE,FALSE,FALSE
P0194,0.05555555555555555,1.0675700831106785,4,5.9,1,FALSE,FALSE,FALSE,FALSE,FALSE
P0195,0.05555555555555555,1.678146736905994,3,7.6,1,FALSE,FALSE,FALSE,FALSE,FALSE
P0196,0,1.4741786236338814,10,13.1,1,FALSE,FALSE,FALSE,FALSE,FALSE
P0197,0.1111111111111111,1.5864005379054391,3,9.6,1,FALSE,FALSE,FALSE,FALSE,FALSE
P0198,0,1.5550886320704589,5,7.8,1,FALSE,FALSE,FALSE,FALSE,FALSE
P0199,0.05555555555555555,1.5315313367000092,2,9.9,1,FALSE,FALSE,FALSE,FALSE,FALSE
P0200,0,1.0431851677040118,3,10.4,1,FALSE,FALSE,FALSE,FALSE,FALSE
P0201,0,1.0740552924509192,2,5.3,1,FALSE,FALSE,FALSE,FALSE,FALSE
P0202,0.05555555555555555,1.0571882797418488,3,7.6,1,FALSE,FALSE,FALSE,FALSE,FALSE
P0203,0,1.2485285456935955,2,12.4,1,FALSE,FALSE,FALSE,FALSE,FALSE
P0204,0,1.1617543641469048,5,8.5,1,FALSE,FALSE,FALSE,FALSE,FALSE
P0205,0,1.0178151661369075,2,8.1,1,FALSE,FALSE,FALSE,FALSE,FALSE
P0206,0,1.3197840980097757,2,13.4,1,FALSE,FALSE,FALSE,FALSE,FALSE
P0207,0.05555555555555555,0.9663454503498038,4,6.9,1,FALSE,FALSE,FALSE,FALSE,FALSE
P0208,0.05555555555555555,1.3906198364081266,2,10.7,1,FALSE,FALSE,FALSE,FALSE,FALSE
P0209,0,0.9002541398626662,3,10.4,1,FALSE,FALSE,FALSE,FALSE,FALSE
P0210,0,1.4234267774809048,3,14.1,1,FALSE,FALSE,FALSE,FALSE,FALSE
P0211,0.1111111111111111,1.3165611772087666,3,9.1,1,FALSE,FALSE,FALSE,FALSE,FALSE
P0212,0,1.0786096109392207,3,7.5,1,FALSE,FALSE,FALSE,FALSE,FALSE
P0213,0,1.0740552924509192,2,12,1,FALSE,FALSE,FALSE,FALSE,FALSE
P0214,0,1.2313975269103985,1,6.6,1,FALSE,FALSE,FALSE,FALSE,FALSE
P0215,0.05555555555555555,1.502448981222481,4,11.4,1,FALSE,FALSE,FALSE,FALSE,FALSE
P0216,0.05555555555555555,1.3284223283101428,2,15.9,1,FALSE,FALSE,FALSE,FALSE,FALSE
P0217,0,1.1881770515720094,2,7.9,1,FALSE,FALSE,FALSE,FALSE,FALSE
P0218,0.05555555555555555,1.0325582165612919,3,14.3,1,FALSE,FALSE,FALSE,FALSE,FALSE
P0219,0,1.367216532138064,3,7.7,1,FALSE,FALSE,FALSE,FALSE,FALSE
P0220,0,1.719743102870101,4,9.1,1,FALSE,FALSE,FALSE,FALSE,FALSE
P0221,0.05555555555555555,0.8828430011649196,3,6.1,1,FALSE,FALSE,FALSE,FALSE,FALSE
P0222,0,1.7904977947322853,6,7.5,1,FALSE,FALSE,FALSE,FALSE,FALSE
P0223,0,0.9582800496695999,6,14.5,1,FALSE,FALSE,FALSE,FALSE,FALSE
P0224,0.05555555555555555,1.6019289842524966,4,11,1,FALSE,FALSE,FALSE,FALSE,FALSE
P0225,0,1.1659661762602749,3,7.5,1,FALSE,FALSE,FALSE,FALSE,FALSE
P0226,0.05555555555555555,1.046703508780838,4,8.5,1,FALSE,FALSE,FALSE,FALSE,FALSE
P0227,0,1.2947859237091257,3,6.8,1,FALSE,FALSE,FALSE,FALSE,FALSE
P0228,0,1.0226199851298272,5,4.8,1,FALSE,FALSE,FALSE,FALSE,FALSE
P0229,0,1.0178151661369075,2,5,1,FALSE,FALSE,FALSE,FALSE,FALSE
P0230,0,1.2935233335271095,3,7.5,1,FALSE,FALSE,FALSE,FALSE,FALSE
P0231,0,0,18,1.2,0,FALSE,TRUE,TRUE,TRUE,TRUE
P0232,0.16666666666666666,1.0327955589886444,3,6.9,1,FALSE,FALSE,FALSE,FALSE,FALSE
P0233,0.05555555555555555,1.3004524099667143,2,7.4,1,FALSE,FALSE,FALSE,FALSE,FALSE
P0234,0.05555555555555555,1.0289915108550531,1,8.2,1,FALSE,FALSE,FALSE,FALSE,FALSE
P0235,0.05555555555555555,1.1311108542958477,6,4.5,1,FALSE,FALSE,FALSE,FALSE,FALSE
P0236,0,1.3636264606493254,4,2,0,FALSE,FALSE,TRUE,TRUE,TRUE
P0237,0.1111111111111111,1.7320508075688772,4,5.7,1,FALSE,FALSE,FALSE,FALSE,FALSE
P0238,0,1.0032626514091005,3,9.7,1,FALSE,FALSE,FALSE,FALSE,FALSE
P0239,0,1.3527990831890462,2,6.4,1,FALSE,FALSE,FALSE,FALSE,FALSE
P0240,0,1.6528841894672626,5,5.8,1,FALSE,FALSE,FALSE,FALSE,FALSE
P0241,0,0.9002541398626662,2,10.1,1,FALSE,FALSE,FALSE,FALSE,FALSE
P0242,0,1.1318329168362204,2,5.1,1,FALSE,FALSE,FALSE,FALSE,FALSE
P0243,0,1.5434872662825794,5,7.3,1,FALSE,FALSE,FALSE,FALSE,FALSE
P0244,0.05555555555555555,1.212678125181665,4,8.7,1,FALSE,FALSE,FALSE,FALSE,FALSE
P0245,0.05555555555555555,1.3800042625680118,2,10.1,1,FALSE,FALSE,FALSE,FALSE,FALSE
P0246,0.05555555555555555,0.9926198253344826,2,5.9,1,FALSE,FALSE,FALSE,FALSE,FALSE
P0247,0.05555555555555555,0.8617697249402124,4,9.3,1,FALSE,FALSE,FALSE,FALSE,FALSE
P0248,0,1.1881770515720094,2,7.8,1,FALSE,FALSE,FALSE,FALSE,FALSE
P0249,0.1111111111111111,1.4476993242152645,2,7.7,1,FALSE,FALSE,FALSE,FALSE,FALSE
P0250,0,1.3382263161373769,4,10.7,1,FALSE,FALSE,FALSE,FALSE,FALSE
P0251,0,1.2485285456935957,4,9.7,1,FALSE,FALSE,FALSE,FALSE,FALSE
P0252,0.05555555555555555,1.0880365478290537,5,6.9,1,FALSE,FALSE,FALSE,FALSE,FALSE
P0253,0,0,18,1.8,0,FALSE,TRUE,TRUE,TRUE,TRUE
P0254,0,1.0289915108550531,3,6.6,1,FALSE,FALSE,FALSE,FALSE,FALSE
P0255,0,1.4142135623730951,2,5.8,1,FALSE,FALSE,FALSE,FALSE,FALSE
P0256,0,1.2897281468629183,3,6.3,1,FALSE,FALSE,FALSE,FALSE,FALSE
P0257,0,1.0846522890932808,4,8.2,1,FALSE,FALSE,FALSE,FALSE,FALSE
P0258,0,1.5048939771136507,3,17.6,1,FALSE,FALSE,FALSE,FALSE,FALSE
P0259,0,0.6859943405700354,3,9.6,1,FALSE,FALSE,FALSE,FALSE,FALSE
P0260,0.05555555555555555,1.656093916063799,3,10.2,1,FALSE,FALSE,FALSE,FALSE,FALSE
P0261,0.1111111111111111,1.2583057392117916,2,4,1,FALSE,FALSE,FALSE,FALSE,FALSE
P0262,0,1.3956046783744505,3,7.7,1,FALSE,FALSE,FALSE,FALSE,FALSE
P0263,0,1.2833778958394957,4,9.8,1,FALSE,FALSE,FALSE,FALSE,FALSE
P0264,0.05555555555555555,1.2631659571466125,2,5.9,1,FALSE,FALSE,FALSE,FALSE,FALSE
P0265,0,1.2897281468629185,2,7.3,1,FALSE,FALSE,FALSE,FALSE,FALSE
P0266,0,1.3779306261410682,3,6.4,1,FALSE,FALSE,FALSE,FALSE,FALSE
P0267,0.1111111111111111,1.1832159566199232,2,7,1,FALSE,FALSE,FALSE,FALSE,FALSE
P0268,0,1.6016739609309327,6,12.4,1,FALSE,FALSE,FALSE,FALSE,FALSE
P0269,0.05555555555555555,1.5718104959867514,6,7.5,1,FALSE,FALSE,FALSE,FALSE,FALSE
P0270,0,0,18,1.9,1,FALSE,TRUE,TRUE,FALSE,TRUE
P0271,0,0.9983646759294877,3,10,1,FALSE,FALSE,FALSE,FALSE,FALSE
P0272,0,1.0369008625190792,2,9,1,FALSE,FALSE,FALSE,FALSE,FALSE
P0273,0.05555555555555555,1.118033988749895,2,7.3,1,FALSE,FALSE,FALSE,FALSE,FALSE
P0274,0,0.9701425001453319,2,8.8,1,FALSE,FALSE,FALSE,FALSE,FALSE
P0275,0.05555555555555555,1.2747548783981961,4,6.5,1,FALSE,FALSE,FALSE,FALSE,FALSE
P0276,0,1.127493605332358,3,9.4,1,FALSE,FALSE,FALSE,FALSE,FALSE
P0277,0,1.1490262999202834,2,8,1,FALSE,FALSE,FALSE,FALSE,FALSE
P0278,0,1.539246908637998,4,10.3,1,FALSE,FALSE,FALSE,FALSE,FALSE
P0279,0,1.1447521637192346,3,9.1,1,FALSE,FALSE,FALSE,FALSE,FALSE
P0280,0,1.2485285456935957,3,6.1,1,FALSE,FALSE,FALSE,FALSE,FALSE
P0281,0,1.178511301977579,4,8.2,1,FALSE,FALSE,FALSE,FALSE,FALSE
P0282,0,1.745208192161304,6,7.4,1,FALSE,FALSE,FALSE,FALSE,FALSE
P0283,0.1111111111111111,1.570562531918633,5,9.8,1,FALSE,FALSE,FALSE,FALSE,FALSE
P0284,0.05555555555555555,0.8993461677306268,3,12.1,1,FALSE,FALSE,FALSE,FALSE,FALSE
P0285,0,1.1504474832710556,3,9.7,1,FALSE,FALSE,FALSE,FALSE,FALSE
P0286,0,1.0981267472114395,4,11.3,1,FALSE,FALSE,FALSE,FALSE,FALSE
P0287,0.05555555555555555,1.0744355563298722,5,5.9,1,FALSE,FALSE,FALSE,FALSE,FALSE
P0288,0,1.200490095997562,2,8.3,1,FALSE,FALSE,FALSE,FALSE,FALSE
P0289,0.05555555555555555,1.3284223283101428,3,6.7,1,FALSE,FALSE,FALSE,FALSE,FALSE
P0290,0,1.6179144164088315,2,2.5,0,FALSE,FALSE,FALSE,TRUE,TRUE
P0291,0.05555555555555555,1.3719886811400706,5,8.6,1,FALSE,FALSE,FALSE,FALSE,FALSE
P0292,0,1.5392469086379983,5,9.5,1,FALSE,FALSE,FALSE,FALSE,FALSE
P0293,0.05555555555555555,1.6494205756247002,6,6,1,FALSE,FALSE,FALSE,FALSE,FALSE
P0294,0,1.036900862519079,8,9.4,1,FALSE,FALSE,FALSE,FALSE,FALSE
P0295,0,1.2947859237091257,2,7.8,1,FALSE,FALSE,FALSE,FALSE,FALSE
P0296,0,1.2897281468629185,3,2.4,0,FALSE,FALSE,TRUE,TRUE,TRUE
P0297,0.05555555555555555,1.1663164740528442,2,8.9,1,FALSE,FALSE,FALSE,FALSE,FALSE
P0298,0,1.0786096109392207,3,5.2,1,FALSE,FALSE,FALSE,FALSE,FALSE
P0299,0,0.9785276387866011,5,7.2,1,FALSE,FALSE,FALSE,FALSE,FALSE
P0300,0.05555555555555555,1.2217393579743305,3,11.3,1,FALSE,FALSE,FALSE,FALSE,FALSE
P0301,0.1111111111111111,0.8944271909999159,3,7.5,1,FALSE,FALSE,FALSE,FALSE,FALSE
P0302,0.05555555555555555,1.200490095997562,3,11.3,1,FALSE,FALSE,FALSE,FALSE,FALSE
P0303,0,1.5718104959867516,3,8.3,1,FALSE,FALSE,FALSE,FALSE,FALSE
P0304,0,1.262842524557225,4,6,1,FALSE,FALSE,FALSE,FALSE,FALSE
P0305,0.05555555555555555,1.2689736473414486,4,10.5,1,FALSE,FALSE,FALSE,FALSE,FALSE
P0306,0,0.9074852129730301,3,12.4,1,FALSE,FALSE,FALSE,FALSE,FALSE
P0307,0,1.367216532138064,2,8.9,1,FALSE,FALSE,FALSE,FALSE,FALSE
P0308,0,1.2153699778283713,3,12,1,FALSE,FALSE,FALSE,FALSE,FALSE
P0309,0,1.3920878193318211,4,7.4,1,FALSE,FALSE,FALSE,FALSE,FALSE
P0310,0,1.5811388300841898,2,2.8,0,FALSE,FALSE,FALSE,TRUE,TRUE
P0311,0.05555555555555555,1.5904124511289148,4,6.3,1,FALSE,FALSE,FALSE,FALSE,FALSE
P0312,0.05555555555555555,1.4142135623730951,3,8.8,1,FALSE,FALSE,FALSE,FALSE,FALSE
P0313,0,1.3085940167422419,7,12.1,1,FALSE,FALSE,FALSE,FALSE,FALSE
P0314,0.1111111111111111,1.0626225419530053,4,10.4,1,FALSE,FALSE,FALSE,FALSE,FALSE
P0315,0,1.6138696240399018,6,6.1,1,FALSE,FALSE,FALSE,FALSE,FALSE
P0316,0,1.6890651782777917,5,10.5,1,FALSE,FALSE,FALSE,FALSE,FALSE
P0317,0,1.3719886811400708,3,5.8,1,FALSE,FALSE,FALSE,FALSE,FALSE
P0318,0,1.3048426644944466,3,9.7,1,FALSE,FALSE,FALSE,FALSE,FALSE
P0319,0,1.1504474832710558,3,9.8,1,FALSE,FALSE,FALSE,FALSE,FALSE
P0320,0,1.127493605332358,4,5.9,1,FALSE,FALSE,FALSE,FALSE,FALSE
P0321,0,0.8498365855987974,4,9.5,1,FALSE,FALSE,FALSE,FALSE,FALSE
P0322,0.05555555555555555,1.200490095997562,3,12.3,1,FALSE,FALSE,FALSE,FALSE,FALSE
P0323,0.1111111111111111,1.2382783747337807,3,5.8,1,FALSE,FALSE,FALSE,FALSE,FALSE
P0324,0.1111111111111111,1.4127396551853895,2,12,1,FALSE,FALSE,FALSE,FALSE,FALSE
P0325,0,1.0602749674192764,3,11.9,1,FALSE,FALSE,FALSE,FALSE,FALSE
P0326,0,1.2113299556429322,2,3.7,1,FALSE,FALSE,FALSE,FALSE,FALSE
P0327,0.05555555555555555,1.166316474052844,2,7.8,1,FALSE,FALSE,FALSE,FALSE,FALSE
P0328,0,1.3197840980097755,2,8.9,1,FALSE,FALSE,FALSE,FALSE,FALSE
P0329,0.05555555555555555,1.0036697371030328,3,12.6,1,FALSE,FALSE,FALSE,FALSE,FALSE
P0330,0,1.381483525788905,6,9.6,1,FALSE,FALSE,FALSE,FALSE,FALSE
P0331,0,1.3491706481792791,10,11.6,1,FALSE,FALSE,FALSE,FALSE,FALSE
P0332,0,0.8498365855987975,3,13.3,1,FALSE,FALSE,FALSE,FALSE,FALSE
P0333,0,1.3085940167422419,4,3.7,1,FALSE,FALSE,FALSE,FALSE,FALSE
P0334,0,1.2366938848016846,2,8.9,1,FALSE,FALSE,FALSE,FALSE,FALSE
P0335,0,1.3491706481792793,2,14.9,1,FALSE,FALSE,FALSE,FALSE,FALSE
P0336,0,1.1504474832710556,3,15,1,FALSE,FALSE,FALSE,FALSE,FALSE
P0337,0.05555555555555555,1.200490095997562,4,7,1,FALSE,FALSE,FALSE,FALSE,FALSE
P0338,0,1.3826657968874305,2,13.1,1,FALSE,FALSE,FALSE,FALSE,FALSE
P0339,0,1.5801050680710413,3,7.5,1,FALSE,FALSE,FALSE,FALSE,FALSE
P0340,0.05555555555555555,1.4116115112960539,3,9.6,1,FALSE,FALSE,FALSE,FALSE,FALSE
P0341,0,1.1504474832710558,3,11.5,1,FALSE,FALSE,FALSE,FALSE,FALSE
P0342,0.05555555555555555,1.0675700831106785,5,7.7,1,FALSE,FALSE,FALSE,FALSE,FALSE
P0343,0,1.487420014875958,4,12.8,1,FALSE,FALSE,FALSE,FALSE,FALSE
P0344,0.05555555555555555,1.4348601079588783,4,11.4,1,FALSE,FALSE,FALSE,FALSE,FALSE
P0345,0,1.1375929179890423,2,6.8,1,FALSE,FALSE,FALSE,FALSE,FALSE
P0346,0.05555555555555555,0.9510056596602791,3,12.4,1,FALSE,FALSE,FALSE,FALSE,FALSE
P0347,0,1.2313975269103985,3,8.6,1,FALSE,FALSE,FALSE,FALSE,FALSE
P0348,0.05555555555555555,0.9510056596602788,3,5.7,1,FALSE,FALSE,FALSE,FALSE,FALSE
P0349,0.05555555555555555,1.224744871391589,2,6,1,FALSE,FALSE,FALSE,FALSE,FALSE
P0350,0,1.3394467690277294,4,11.2,1,FALSE,FALSE,FALSE,FALSE,FALSE
P0351,0.05555555555555555,1.393261092038472,3,6.9,1,FALSE,FALSE,FALSE,FALSE,FALSE
P0352,0,0.9428090415820634,3,10.9,1,FALSE,FALSE,FALSE,FALSE,FALSE
P0353,0,1.7573375583870183,7,4.9,1,FALSE,FALSE,FALSE,FALSE,FALSE
P0354,0.05555555555555555,1.2514697241996051,3,9,1,FALSE,FALSE,FALSE,FALSE,FALSE
P0355,0,1.6409785061104063,3,11.1,1,FALSE,FALSE,FALSE,FALSE,FALSE
P0356,0.05555555555555555,1.1311108542958477,4,7.6,1,FALSE,FALSE,FALSE,FALSE,FALSE
P0357,0,1.3085940167422419,2,5.9,1,FALSE,FALSE,FALSE,FALSE,FALSE
P0358,0,1.2113299556429322,6,8.3,1,FALSE,FALSE,FALSE,FALSE,FALSE
P0359,0.05555555555555555,1.118033988749895,3,9.6,1,FALSE,FALSE,FALSE,FALSE,FALSE
P0360,0.05555555555555555,1.1974237050483694,2,7.2,1,FALSE,FALSE,FALSE,FALSE,FALSE
P0361,0,1.4608172124206966,6,9.2,1,FALSE,FALSE,FALSE,FALSE,FALSE
P0362,0.1111111111111111,1.3889444433333777,7,7,1,FALSE,FALSE,FALSE,FALSE,FALSE
P0363,0.05555555555555555,1.4194033543545477,2,12.8,1,FALSE,FALSE,FALSE,FALSE,FALSE
P0364,0,1.4371358589653878,5,5.2,1,FALSE,FALSE,FALSE,FALSE,FALSE
P0365,0,1.1659661762602749,5,17.6,1,FALSE,FALSE,FALSE,FALSE,FALSE
P0366,0.05555555555555555,1.1114378604524224,2,12,1,FALSE,FALSE,FALSE,FALSE,FALSE
P0367,0,1.1318329168362202,4,5,1,FALSE,FALSE,FALSE,FALSE,FALSE
P0368,0,1.200490095997562,3,10.9,1,FALSE,FALSE,FALSE,FALSE,FALSE
P0369,0.05555555555555555,1.5718104959867514,3,13.5,1,FALSE,FALSE,FALSE,FALSE,FALSE
P0370,0,1.0966377611066325,5,5.4,1,FALSE,FALSE,FALSE,FALSE,FALSE
P0371,0,1.2947859237091257,6,7.9,1,FALSE,FALSE,FALSE,FALSE,FALSE
P0372,0,1.2485285456935955,3,11.3,1,FALSE,FALSE,FALSE,FALSE,FALSE
P0373,0,1.3719886811400708,3,8.1,1,FALSE,FALSE,FALSE,FALSE,FALSE
P0374,0,0.985184366143778,8,10.2,1,FALSE,FALSE,FALSE,FALSE,FALSE
P0375,0.05555555555555555,1.7677669529663689,6,8.8,1,FALSE,FALSE,FALSE,FALSE,FALSE
P0376,0,1.0431851677040118,4,6.3,1,FALSE,FALSE,FALSE,FALSE,FALSE
P0377,0.05555555555555555,1.1974237050483694,5,10.2,1,FALSE,FALSE,FALSE,FALSE,FALSE
P0378,0.05555555555555555,1.6247171699569565,4,8.7,1,FALSE,FALSE,FALSE,FALSE,FALSE
P0379,0.05555555555555555,1.0641207361838556,2,16,1,FALSE,FALSE,FALSE,FALSE,FALSE
P0380,0,1.3779306261410682,2,10.4,1,FALSE,FALSE,FALSE,FALSE,FALSE
P0381,0,0,18,1.8,0,FALSE,TRUE,TRUE,TRUE,TRUE
P0382,0.05555555555555555,1.2631659571466123,3,7.6,1,FALSE,FALSE,FALSE,FALSE,FALSE
P0383,0.05555555555555555,1.0880365478290537,3,11.6,1,FALSE,FALSE,FALSE,FALSE,FALSE
P0384,0,0.923548145182799,2,11.1,1,FALSE,FALSE,FALSE,FALSE,FALSE
P0385,0.2222222222222222,1.3688047244316384,4,6,1,TRUE,FALSE,FALSE,FALSE,TRUE
P0386,0,1.500544563459581,5,9.6,1,FALSE,FALSE,FALSE,FALSE,FALSE
P0387,0,1.3956046783744505,3,9.4,1,FALSE,FALSE,FALSE,FALSE,FALSE
P0388,0,1.3394467690277296,3,13.2,1,FALSE,FALSE,FALSE,FALSE,FALSE
P0389,0,1.3779306261410682,6,9.2,1,FALSE,FALSE,FALSE,FALSE,FALSE
P0390,0.05555555555555555,1.0641207361838556,3,9.8,1,FALSE,FALSE,FALSE,FALSE,FALSE
P0391,0,1.3920878193318216,7,4.9,1,FALSE,FALSE,FALSE,FALSE,FALSE
P0392,0.1111111111111111,1.591644851508443,3,9.8,1,FALSE,FALSE,FALSE,FALSE,FALSE
P0393,0.05555555555555555,1.6224527546823884,5,12.8,1,FALSE,FALSE,FALSE,FALSE,FALSE
P0394,0.05555555555555555,1.2126781251816647,2,7.9,1,FALSE,FALSE,FALSE,FALSE,FALSE
P0395,0,1.3779306261410682,3,5.8,1,FALSE,FALSE,FALSE,FALSE,FALSE
P0396,0,1.6499158227686113,5,10.6,1,FALSE,FALSE,FALSE,FALSE,FALSE
P0397,0,1.1143742932064957,3,15,1,FALSE,FALSE,FALSE,FALSE,FALSE
P0398,0.05555555555555555,0.8702602720890289,3,5.9,1,FALSE,FALSE,FALSE,FALSE,FALSE
P0399,0.16666666666666666,1.4474937289114918,5,7.3,1,FALSE,FALSE,FALSE,FALSE,FALSE
P0400,0,1.3491706481792793,5,7.9,1,FALSE,FALSE,FALSE,FALSE,FALSE
P0401,0,1.450715397105405,4,12.3,1,FALSE,FALSE,FALSE,FALSE,FALSE
P0402,0.05555555555555555,1.6977493752543311,4,6.6,1,FALSE,FALSE,FALSE,FALSE,FALSE
P0403,0.05555555555555555,1.4374200745044001,3,11,1,FALSE,FALSE,FALSE,FALSE,FALSE
P0404,0,1.0431851677040118,2,12.4,1,FALSE,FALSE,FALSE,FALSE,FALSE
P0405,0,0.9785276387866011,5,8.7,1,FALSE,FALSE,FALSE,FALSE,FALSE
P0406,0.05555555555555555,1.697749375254331,6,10.6,1,FALSE,FALSE,FALSE,FALSE,FALSE
P0407,0,1.7339365466222858,4,11.5,1,FALSE,FALSE,FALSE,FALSE,FALSE
P0408,0.05555555555555555,1.5506165756581742,2,7.9,1,FALSE,FALSE,FALSE,FALSE,FALSE
P0409,0,1.1991282236408358,2,7.4,1,FALSE,FALSE,FALSE,FALSE,FALSE
P0410,0.16666666666666666,1.3451854182690985,6,19.6,1,FALSE,FALSE,FALSE,FALSE,FALSE
P0411,0,1.6538724611187703,4,10.8,1,FALSE,FALSE,FALSE,FALSE,FALSE
P0412,0,1.1950332945836273,3,7.4,1,FALSE,FALSE,FALSE,FALSE,FALSE
P0413,0.05555555555555555,1.3256518929102281,2,7.2,1,FALSE,FALSE,FALSE,FALSE,FALSE
P0414,0,1.1826634392157036,3,9.2,1,FALSE,FALSE,FALSE,FALSE,FALSE
P0415,0,1.1318329168362204,3,7.9,1,FALSE,FALSE,FALSE,FALSE,FALSE
P0416,0,0.9701425001453319,2,7.5,1,FALSE,FALSE,FALSE,FALSE,FALSE
P0417,0,1.455213750217998,5,7.9,1,FALSE,FALSE,FALSE,FALSE,FALSE
P0418,0.05555555555555555,1.2307338795828044,3,8.7,1,FALSE,FALSE,FALSE,FALSE,FALSE
P0419,0.1111111111111111,1.2649110640673518,3,8.7,1,FALSE,FALSE,FALSE,FALSE,FALSE
P0420,0,1.1447521637192344,4,6.7,1,FALSE,FALSE,FALSE,FALSE,FALSE
P0421,0,1.3345582608616182,4,8.5,1,FALSE,FALSE,FALSE,FALSE,FALSE
P0422,0,1.109966730938747,4,7.4,1,FALSE,FALSE,FALSE,FALSE,FALSE
P0423,0,1.5167905573187226,4,5.3,1,FALSE,FALSE,FALSE,FALSE,FALSE
P0424,0.05555555555555555,1.0744355563298724,3,10.2,1,FALSE,FALSE,FALSE,FALSE,FALSE
P0425,0,1.1991282236408358,2,13.1,1,FALSE,FALSE,FALSE,FALSE,FALSE
P0426,0,1.3956046783744505,3,1.5,0,FALSE,FALSE,TRUE,TRUE,TRUE
P0427,0.05555555555555555,0.8993461677306267,3,7.8,1,FALSE,FALSE,FALSE,FALSE,FALSE
P0428,0,1.513555308934105,3,13.5,1,FALSE,FALSE,FALSE,FALSE,FALSE
P0429,0,1.1099667309387475,3,5.5,1,FALSE,FALSE,FALSE,FALSE,FALSE
P0430,0.16666666666666666,0.883715101688537,3,10.7,1,FALSE,FALSE,FALSE,FALSE,FALSE
P0431,0,1.5038078030442361,3,2,0,FALSE,FALSE,TRUE,TRUE,TRUE
P0432,0,1.4552137502179978,4,9.8,1,FALSE,FALSE,FALSE,FALSE,FALSE
P0433,0,1.4245742398014511,9,8.5,1,FALSE,FALSE,FALSE,FALSE,FALSE
P0434,0.16666666666666666,1.2344267996967353,3,7.9,1,FALSE,FALSE,FALSE,FALSE,FALSE
P0435,0,1.1490262999202834,2,8.5,1,FALSE,FALSE,FALSE,FALSE,FALSE
P0436,0,1.6379885640466825,4,8.8,1,FALSE,FALSE,FALSE,FALSE,FALSE
P0437,0,1.3345582608616182,2,9.6,1,FALSE,FALSE,FALSE,FALSE,FALSE
P0438,0,1.4061024795535124,5,9.1,1,FALSE,FALSE,FALSE,FALSE,FALSE
P0439,0,1.4608172124206968,2,2,0,FALSE,FALSE,TRUE,TRUE,TRUE
P0440,0,1.3491706481792791,2,19.8,1,FALSE,FALSE,FALSE,FALSE,FALSE
P0441,0.05555555555555555,1.4374200745044001,2,12.3,1,FALSE,FALSE,FALSE,FALSE,FALSE
P0442,0,1.0289915108550531,2,10.6,1,FALSE,FALSE,FALSE,FALSE,FALSE
P0443,0,1.5167905573187226,3,8.3,1,FALSE,FALSE,FALSE,FALSE,FALSE
P0444,0.05555555555555555,1.2747548783981961,3,10,1,FALSE,FALSE,FALSE,FALSE,FALSE
P0445,0,1.1659661762602749,2,10.4,1,FALSE,FALSE,FALSE,FALSE,FALSE
P0446,0.05555555555555555,1.118033988749895,3,9,1,FALSE,FALSE,FALSE,FALSE,FALSE
P0447,0,0,18,2.7,1,FALSE,TRUE,FALSE,FALSE,TRUE
P0448,0.05555555555555555,1.3719886811400706,3,7.3,1,FALSE,FALSE,FALSE,FALSE,FALSE
P0449,0,1.0602749674192764,2,9.3,1,FALSE,FALSE,FALSE,FALSE,FALSE
P0450,0,1.2833778958394957,4,3,0,FALSE,FALSE,FALSE,TRUE,TRUE
P0451,0,1.1318329168362204,2,11.1,1,FALSE,FALSE,FALSE,FALSE,FALSE
P0452,0,1.2897281468629183,2,7.5,1,FALSE,FALSE,FALSE,FALSE,FALSE
P0453,0.05555555555555555,1.0467035087808378,3,4.5,1,FALSE,FALSE,FALSE,FALSE,FALSE
P0454,0.05555555555555555,1.3284223283101428,2,5.2,1,FALSE,FALSE,FALSE,FALSE,FALSE
P0455,0,1.5167905573187228,6,9.3,1,FALSE,FALSE,FALSE,FALSE,FALSE
P0456,0,1.0178151661369075,2,6.9,1,FALSE,FALSE,FALSE,FALSE,FALSE
P0457,0,1.6138696240399015,3,2,1,FALSE,FALSE,TRUE,FALSE,TRUE
P0458,0,1.6179144164088315,5,9.3,1,FALSE,FALSE,FALSE,FALSE,FALSE
P0459,0.05555555555555555,1.1048023512348795,3,7.8,1,FALSE,FALSE,FALSE,FALSE,FALSE
P0460,0.05555555555555555,1.9402850002906638,10,5,1,FALSE,FALSE,FALSE,FALSE,FALSE
P0461,0,1.2313975269103985,3,22.1,1,FALSE,FALSE,FALSE,FALSE,FALSE
P0462,0,1.3920878193318216,4,6.2,1,FALSE,FALSE,FALSE,FALSE,FALSE
P0463,0.1111111111111111,1.3768926368215255,4,5.5,1,FALSE,FALSE,FALSE,FALSE,FALSE
P0464,0,1.248528545693596,4,6.9,1,FALSE,FALSE,FALSE,FALSE,FALSE
P0465,0,0.970142500145332,5,7.3,1,FALSE,FALSE,FALSE,FALSE,FALSE
P0466,0,1.5424282697487952,2,1.8,0,FALSE,FALSE,TRUE,TRUE,TRUE
P0467,0,1.6528841894672626,6,6.6,1,FALSE,FALSE,FALSE,FALSE,FALSE
P0468,0,0.8498365855987975,2,6,1,FALSE,FALSE,FALSE,FALSE,FALSE
P0469,0.05555555555555555,1.6224527546823886,3,14.4,1,FALSE,FALSE,FALSE,FALSE,FALSE
P0470,0.05555555555555555,1.2776356840572631,3,10.6,1,FALSE,FALSE,FALSE,FALSE,FALSE
P0471,0.05555555555555555,1.0675700831106785,3,11.1,1,FALSE,FALSE,FALSE,FALSE,FALSE
P0472,0.05555555555555555,1.5434872662825796,2,9,1,FALSE,FALSE,FALSE,FALSE,FALSE
P0473,0.05555555555555555,1.3339459376998313,2,13.5,1,FALSE,FALSE,FALSE,FALSE,FALSE
P0474,0,1.3719886811400708,3,9.4,1,FALSE,FALSE,FALSE,FALSE,FALSE
P0475,0,1.6087993330796877,3,6.5,1,FALSE,FALSE,FALSE,FALSE,FALSE
P0476,0,1.161754364146905,5,8.6,1,FALSE,FALSE,FALSE,FALSE,FALSE
P0477,0,1.137592917989042,3,6.9,1,FALSE,FALSE,FALSE,FALSE,FALSE
P0478,0,1.7423971167384034,5,12.6,1,FALSE,FALSE,FALSE,FALSE,FALSE
P0479,0.1111111111111111,1.927865832122834,8,13.6,1,FALSE,FALSE,FALSE,FALSE,FALSE
P0480,0.05555555555555555,1.147247344990711,3,16.1,1,FALSE,FALSE,FALSE,FALSE,FALSE
P0481,0.05555555555555555,1.629236558853834,2,6,1,FALSE,FALSE,FALSE,FALSE,FALSE
P0482,0.05555555555555555,1.8027756377319946,5,5.1,1,FALSE,FALSE,FALSE,FALSE,FALSE
P0483,0,0.9428090415820634,4,6.6,1,FALSE,FALSE,FALSE,FALSE,FALSE
P0484,0,1.078609610939221,3,5.7,1,FALSE,FALSE,FALSE,FALSE,FALSE
P0485,0,1.1447521637192346,4,10.7,1,FALSE,FALSE,FALSE,FALSE,FALSE
P0486,0,1.4641689962819193,3,12.7,1,FALSE,FALSE,FALSE,FALSE,FALSE
P0487,0,1.274434386908933,3,13,1,FALSE,FALSE,FALSE,FALSE,FALSE
P0488,0.05555555555555555,1.4090046549415862,2,5.6,1,FALSE,FALSE,FALSE,FALSE,FALSE
P0489,0,1.6449566416599486,3,6.8,1,FALSE,FALSE,FALSE,FALSE,FALSE
P0490,0,1.542428269748795,5,6.2,1,FALSE,FALSE,FALSE,FALSE,FALSE
P0491,0,1.6528841894672626,4,13.5,1,FALSE,FALSE,FALSE,FALSE,FALSE
P0492,0,1.0369008625190794,3,7.9,1,FALSE,FALSE,FALSE,FALSE,FALSE
P0493,0,0,18,1.3,0,FALSE,TRUE,TRUE,TRUE,TRUE
P0494,0,1.5048939771136507,5,6.9,1,FALSE,FALSE,FALSE,FALSE,FALSE
P0495,0,0.985184366143778,2,5.3,1,FALSE,FALSE,FALSE,FALSE,FALSE
P0496,0,1.3048426644944464,4,8.4,1,FALSE,FALSE,FALSE,FALSE,FALSE
P0497,0,1.3394467690277294,2,7.2,1,FALSE,FALSE,FALSE,FALSE,FALSE
P0498,0,1.3234931004459767,3,7.9,1,FALSE,FALSE,FALSE,FALSE,FALSE
P0499,0,0.9428090415820634,2,11.3,1,FALSE,FALSE,FALSE,FALSE,FALSE
P0500,0,1.4608172124206968,6,10.6,1,FALSE,FALSE,FALSE,FALSE,FALSE
P0501,0.05555555555555555,1.0880365478290537,6,10.9,1,FALSE,FALSE,FALSE,FALSE,FALSE
P0502,0.05555555555555555,1.280510008689093,3,8.5,1,FALSE,FALSE,FALSE,FALSE,FALSE
P0503,0,1.1826634392157036,3,8.2,1,FALSE,FALSE,FALSE,FALSE,FALSE
P0504,0.05555555555555555,1.1147408034263073,3,8.2,1,FALSE,FALSE,FALSE,FALSE,FALSE
P0505,0,1.6538724611187705,5,9.1,1,FALSE,FALSE,FALSE,FALSE,FALSE
P0506,0,1.028991510855053,2,8.5,1,FALSE,FALSE,FALSE,FALSE,FALSE
P0507,0,1.1504474832710558,4,10,1,FALSE,FALSE,FALSE,FALSE,FALSE
P0508,0,1.200490095997562,2,9.3,1,FALSE,FALSE,FALSE,FALSE,FALSE
P0509,0.1111111111111111,0.9309493362512627,3,12.2,1,FALSE,FALSE,FALSE,FALSE,FALSE
P0510,0,1.487420014875958,2,7.1,1,FALSE,FALSE,FALSE,FALSE,FALSE
P0511,0.05555555555555555,1.3639259941972874,4,8,1,FALSE,FALSE,FALSE,FALSE,FALSE
P0512,0.05555555555555555,1.6494205756247002,6,9.8,1,FALSE,FALSE,FALSE,FALSE,FALSE
P0513,0,0.9851843661437781,3,7.7,1,FALSE,FALSE,FALSE,FALSE,FALSE
P0514,0,0.8264420947336313,4,14.3,1,FALSE,FALSE,FALSE,FALSE,FALSE
P0515,0,1.0556415513645339,3,6.7,1,FALSE,FALSE,FALSE,FALSE,FALSE
P0516,0,1.1490262999202834,2,8.2,1,FALSE,FALSE,FALSE,FALSE,FALSE
P0517,0,1.2485285456935955,3,6.6,1,FALSE,FALSE,FALSE,FALSE,FALSE
P0518,0,1.4608172124206966,3,12.5,1,FALSE,FALSE,FALSE,FALSE,FALSE
P0519,0.05555555555555555,1.2485285456935955,2,8.6,1,FALSE,FALSE,FALSE,FALSE,FALSE
P0520,0.05555555555555555,1.2307338795828044,3,10.5,1,FALSE,FALSE,FALSE,FALSE,FALSE
P0521,0.1111111111111111,1.3149778198382918,5,12.8,1,FALSE,FALSE,FALSE,FALSE,FALSE
P0522,0,1.2833778958394957,2,5.2,1,FALSE,FALSE,FALSE,FALSE,FALSE
P0523,0.1111111111111111,1.4548768561863463,3,7,1,FALSE,FALSE,FALSE,FALSE,FALSE
P0524,0,1.2485285456935955,2,9.7,1,FALSE,FALSE,FALSE,FALSE,FALSE
P0525,0,1.1490262999202836,4,7.5,1,FALSE,FALSE,FALSE,FALSE,FALSE
P0526,0,1.3085940167422416,2,6.4,1,FALSE,FALSE,FALSE,FALSE,FALSE
P0527,0.05555555555555555,0.9663454503498036,4,5.7,1,FALSE,FALSE,FALSE,FALSE,FALSE
P0528,0.05555555555555555,1.212678125181665,3,8.8,1,FALSE,FALSE,FALSE,FALSE,FALSE
P0529,0,0.7047921864945657,5,15,1,FALSE,FALSE,FALSE,FALSE,FALSE
P0530,0,1.3394467690277294,5,16.3,1,FALSE,FALSE,FALSE,FALSE,FALSE
P0531,0,1.2935233335271092,2,11,1,FALSE,FALSE,FALSE,FALSE,FALSE
P0532,0.05555555555555555,1.4116115112960541,4,14.1,1,FALSE,FALSE,FALSE,FALSE,FALSE
P0533,0.05555555555555555,1.118033988749895,3,9.3,1,FALSE,FALSE,FALSE,FALSE,FALSE
P0534,0.1111111111111111,1.4142135623730951,2,11.6,1,FALSE,FALSE,FALSE,FALSE,FALSE
P0535,0.1111111111111111,1.2382783747337807,2,7.9,1,FALSE,FALSE,FALSE,FALSE,FALSE
P0536,0.05555555555555555,1.1850788010532811,4,10.4,1,FALSE,FALSE,FALSE,FALSE,FALSE
P0537,0.05555555555555555,1.344925101785138,3,4.8,1,FALSE,FALSE,FALSE,FALSE,FALSE
P0538,0,1.699673171197595,6,7.1,1,FALSE,FALSE,FALSE,FALSE,FALSE
P0539,0,1.2485285456935955,5,14.1,1,FALSE,FALSE,FALSE,FALSE,FALSE
P0540,0.05555555555555555,1.1974237050483696,3,8.1,1,FALSE,FALSE,FALSE,FALSE,FALSE
P0541,0,1.4608172124206968,2,6.9,1,FALSE,FALSE,FALSE,FALSE,FALSE
P0542,0.05555555555555555,1.147247344990711,4,15.9,1,FALSE,FALSE,FALSE,FALSE,FALSE
P0543,0,1.041617645905367,2,7.3,1,FALSE,FALSE,FALSE,FALSE,FALSE
P0544,0,1.3672165321380638,3,16.2,1,FALSE,FALSE,FALSE,FALSE,FALSE
P0545,0,1.3779306261410682,2,13.9,1,FALSE,FALSE,FALSE,FALSE,FALSE
P0546,0,1.0369008625190792,1,10.2,1,FALSE,FALSE,FALSE,FALSE,FALSE
P0547,0.1111111111111111,1.3416407864998738,3,10.4,1,FALSE,FALSE,FALSE,FALSE,FALSE
P0548,0,1.5434872662825794,3,6.2,1,FALSE,FALSE,FALSE,FALSE,FALSE
P0549,0,1.2113299556429322,2,9.1,1,FALSE,FALSE,FALSE,FALSE,FALSE
P0550,0,1.5550886320704589,5,14.9,1,FALSE,FALSE,FALSE,FALSE,FALSE
P0551,0.05555555555555555,0.9034248560828043,3,13.2,1,FALSE,FALSE,FALSE,FALSE,FALSE
P0552,0,1.2833778958394957,4,8.3,1,FALSE,FALSE,FALSE,FALSE,FALSE
P0553,0,1.477500096767412,3,15.4,1,FALSE,FALSE,FALSE,FALSE,FALSE
P0554,0.05555555555555555,1.0641207361838554,2,7.6,1,FALSE,FALSE,FALSE,FALSE,FALSE
P0555,0,1.3826657968874305,6,8,1,FALSE,FALSE,FALSE,FALSE,FALSE
P0556,0.1111111111111111,1.631716887208072,6,5.6,1,FALSE,FALSE,FALSE,FALSE,FALSE
P0557,0.05555555555555555,0.9393364366277244,6,9.4,1,FALSE,FALSE,FALSE,FALSE,FALSE
P0558,0.05555555555555555,0.8993461677306268,4,10.1,1,FALSE,FALSE,FALSE,FALSE,FALSE
P0559,0,1.2935233335271092,4,13.3,1,FALSE,FALSE,FALSE,FALSE,FALSE
P0560,0.16666666666666666,1.5976172734359606,3,7.1,1,FALSE,FALSE,FALSE,FALSE,FALSE
P0561,0,0.8782037520219095,2,8.7,1,FALSE,FALSE,FALSE,FALSE,FALSE
P0562,0,1.3197840980097757,5,9.6,1,FALSE,FALSE,FALSE,FALSE,FALSE
P0563,0,1.1826634392157036,2,7.8,1,FALSE,FALSE,FALSE,FALSE,FALSE
P0564,0,1.0846522890932808,6,5.9,1,FALSE,FALSE,FALSE,FALSE,FALSE
P0565,0,1.1659661762602749,2,5.6,1,FALSE,FALSE,FALSE,FALSE,FALSE
P0566,0,1.2485285456935955,4,6.6,1,FALSE,FALSE,FALSE,FALSE,FALSE
P0567,0,1.3085940167422419,5,10.4,1,FALSE,FALSE,FALSE,FALSE,FALSE
P0568,0,1.3048426644944466,4,5.1,1,FALSE,FALSE,FALSE,FALSE,FALSE
P0569,0.05555555555555555,1.2862393885688164,2,8.2,1,FALSE,FALSE,FALSE,FALSE,FALSE
P0570,0.05555555555555555,1.3746657347707991,2,6.3,1,FALSE,FALSE,FALSE,FALSE,FALSE
P0571,0.05555555555555555,1.7636025962917665,5,5.3,1,FALSE,FALSE,FALSE,FALSE,FALSE
P0572,0,0.9835244081556433,6,5.8,1,FALSE,FALSE,FALSE,FALSE,FALSE
P0573,0,1.3779306261410682,3,5.2,1,FALSE,FALSE,FALSE,FALSE,FALSE
P0574,0,1.381483525788905,6,9.5,1,FALSE,FALSE,FALSE,FALSE,FALSE
P0575,0.05555555555555555,1.1311108542958477,6,9.1,1,FALSE,FALSE,FALSE,FALSE,FALSE
P0576,0,0,18,1.6,0,FALSE,TRUE,TRUE,TRUE,TRUE
P0577,0,1.352799083189046,3,16.8,1,FALSE,FALSE,FALSE,FALSE,FALSE
P0578,0.05555555555555555,1.147247344990711,3,7,1,FALSE,FALSE,FALSE,FALSE,FALSE
P0579,0,1.3779306261410682,2,9.4,1,FALSE,FALSE,FALSE,FALSE,FALSE
P0580,0,0.923548145182799,3,11.6,1,FALSE,FALSE,FALSE,FALSE,FALSE
P0581,0,1.1447521637192346,2,6.7,1,FALSE,FALSE,FALSE,FALSE,FALSE
P0582,0.05555555555555555,1.5996323106926054,2,10.9,1,FALSE,FALSE,FALSE,FALSE,FALSE
P0583,0.1111111111111111,1.408308678285174,3,11.9,1,FALSE,FALSE,FALSE,FALSE,FALSE
P0584,0,1.2366938848016846,2,9.3,1,FALSE,FALSE,FALSE,FALSE,FALSE
P0585,0.05555555555555555,1.6494205756247002,3,13.1,1,FALSE,FALSE,FALSE,FALSE,FALSE
P0586,0.05555555555555555,1.2718675476729209,3,12.4,1,FALSE,FALSE,FALSE,FALSE,FALSE
P0587,0.05555555555555555,0.8574929257125442,3,14.3,1,FALSE,FALSE,FALSE,FALSE,FALSE
P0588,0,0.9785276387866012,2,11,1,FALSE,FALSE,FALSE,FALSE,FALSE
P0589,0.05555555555555555,1.4552137502179976,2,7.1,1,FALSE,FALSE,FALSE,FALSE,FALSE
P0590,0,0,18,1.2,0,FALSE,TRUE,TRUE,TRUE,TRUE
P0591,0.1111111111111111,1.02469507659596,3,5.9,1,FALSE,FALSE,FALSE,FALSE,FALSE
P0592,0.05555555555555555,1.147247344990711,2,9.7,1,FALSE,FALSE,FALSE,FALSE,FALSE
P0593,0,0.9983646759294876,5,11.5,1,FALSE,FALSE,FALSE,FALSE,FALSE
P0594,0,1.2432826042324119,2,9.5,1,FALSE,FALSE,FALSE,FALSE,FALSE
P0595,0.05555555555555555,1.4194033543545475,6,8.6,1,FALSE,FALSE,FALSE,FALSE,FALSE
P0596,0.05555555555555555,1.0571882797418486,4,15.9,1,FALSE,FALSE,FALSE,FALSE,FALSE
P0597,0.05555555555555555,1.712840777600698,5,10.7,1,FALSE,FALSE,FALSE,FALSE,FALSE
P0598,0,1.1504474832710558,5,12.5,1,FALSE,FALSE,FALSE,FALSE,FALSE
P0599,0,0,18,2.8,0,FALSE,TRUE,FALSE,TRUE,TRUE
P0600,0,0.7775443160352293,4,9.8,1,FALSE,FALSE,FALSE,FALSE,FALSE
P0601,0,1.3527990831890462,3,13.4,1,FALSE,FALSE,FALSE,FALSE,FALSE
P0602,0.05555555555555555,0.8702602720890289,4,11.7,1,FALSE,FALSE,FALSE,FALSE,FALSE
P0603,0,0,18,1.6,1,FALSE,TRUE,TRUE,FALSE,TRUE
P0604,0.05555555555555555,1.169464432474767,2,11.4,1,FALSE,FALSE,FALSE,FALSE,FALSE
P0605,0.05555555555555555,1.4348601079588785,2,9.4,1,FALSE,FALSE,FALSE,FALSE,FALSE
P0606,0,1.2947859237091257,3,5.1,1,FALSE,FALSE,FALSE,FALSE,FALSE
P0607,0,1.1881770515720091,3,11.4,1,FALSE,FALSE,FALSE,FALSE,FALSE
P0608,0.05555555555555555,1.3693063937629153,3,12.6,1,FALSE,FALSE,FALSE,FALSE,FALSE
P0609,0,1.0966377611066325,2,6.6,1,FALSE,FALSE,FALSE,FALSE,FALSE
P0610,0,1.3672165321380636,7,11.4,1,FALSE,FALSE,FALSE,FALSE,FALSE
P0611,0.1111111111111111,0.7932002689527196,7,6.7,1,FALSE,FALSE,FALSE,FALSE,FALSE
P0612,0,1.227410260553666,3,11.1,1,FALSE,FALSE,FALSE,FALSE,FALSE
P0613,0,1.5769997160986315,3,5.8,1,FALSE,FALSE,FALSE,FALSE,FALSE
P0614,0.05555555555555555,1.4245742398014511,2,12.6,1,FALSE,FALSE,FALSE,FALSE,FALSE
P0615,0.05555555555555555,1.0914103126634982,5,9.8,1,FALSE,FALSE,FALSE,FALSE,FALSE
P0616,0,1.604731565930206,3,8.2,1,FALSE,FALSE,FALSE,FALSE,FALSE
P0617,0,1.2366938848016846,3,7.6,1,FALSE,FALSE,FALSE,FALSE,FALSE
P0618,0.05555555555555555,1.477776549215667,4,7.3,1,FALSE,FALSE,FALSE,FALSE,FALSE
P0619,0.05555555555555555,1.0914103126634984,2,14.4,1,FALSE,FALSE,FALSE,FALSE,FALSE
P0620,0,1.1785113019775793,3,10.4,1,FALSE,FALSE,FALSE,FALSE,FALSE
P0621,0,1.3394467690277294,3,5.4,1,FALSE,FALSE,FALSE,FALSE,FALSE
P0622,0,1.2947859237091257,2,7.8,1,FALSE,FALSE,FALSE,FALSE,FALSE
P0623,0,1.516790557318723,3,6.8,1,FALSE,FALSE,FALSE,FALSE,FALSE
P0624,0,1.227410260553666,4,8.1,1,FALSE,FALSE,FALSE,FALSE,FALSE
P0625,0,1.0966377611066325,2,8.9,1,FALSE,FALSE,FALSE,FALSE,FALSE
P0626,0,1.4741786236338814,2,20.9,1,FALSE,FALSE,FALSE,FALSE,FALSE
P0627,0.05555555555555555,1.0606601717798212,4,3.5,1,FALSE,FALSE,FALSE,FALSE,FALSE
P0628,0,1.137592917989042,2,11.5,1,FALSE,FALSE,FALSE,FALSE,FALSE
P0629,0.05555555555555555,1.1114378604524227,3,8,1,FALSE,FALSE,FALSE,FALSE,FALSE
P0630,0,1.1490262999202834,3,9.3,1,FALSE,FALSE,FALSE,FALSE,FALSE
P0631,0,1.7895849739771976,7,6,1,FALSE,FALSE,FALSE,FALSE,FALSE
P0632,0,1.4337208778404378,2,5.1,1,FALSE,FALSE,FALSE,FALSE,FALSE
P0633,0,0.9701425001453319,2,7.4,1,FALSE,FALSE,FALSE,FALSE,FALSE
P0634,0,0,18,1.8,0,FALSE,TRUE,TRUE,TRUE,TRUE
P0635,0,1.1504474832710558,5,7.4,1,FALSE,FALSE,FALSE,FALSE,FALSE
P0636,0.05555555555555555,1.166316474052844,3,8.5,1,FALSE,FALSE,FALSE,FALSE,FALSE
P0637,0,1.5645166724265527,4,8.1,1,FALSE,FALSE,FALSE,FALSE,FALSE
P0638,0.05555555555555555,1.3906198364081264,3,10.3,1,FALSE,FALSE,FALSE,FALSE,FALSE
P0639,0,1.2004900959975622,2,6.4,1,FALSE,FALSE,FALSE,FALSE,FALSE
P0640,0.05555555555555555,0.9963167462326071,2,6.3,1,FALSE,FALSE,FALSE,FALSE,FALSE
P0641,0.05555555555555555,1.403776419268438,3,10.8,1,FALSE,FALSE,FALSE,FALSE,FALSE
P0642,0.1111111111111111,1.2893796958227628,4,6.5,1,FALSE,FALSE,FALSE,FALSE,FALSE
P0643,0.05555555555555555,1.3906198364081264,2,7.5,1,FALSE,FALSE,FALSE,FALSE,FALSE
P0644,0,1.1826634392157036,5,9.4,1,FALSE,FALSE,FALSE,FALSE,FALSE
P0645,0.05555555555555555,1.695582495781317,4,4.6,1,FALSE,FALSE,FALSE,FALSE,FALSE
P0646,0,1.4950900031928043,4,6.6,1,FALSE,FALSE,FALSE,FALSE,FALSE
P0647,0,1.127493605332358,6,6.4,1,FALSE,FALSE,FALSE,FALSE,FALSE
P0648,0,1.3826657968874305,2,8.7,1,FALSE,FALSE,FALSE,FALSE,FALSE
P0649,0,1.1991282236408358,2,6.7,1,FALSE,FALSE,FALSE,FALSE,FALSE
P0650,0.05555555555555555,1.2689736473414484,2,6.3,1,FALSE,FALSE,FALSE,FALSE,FALSE
P0651,0.1111111111111111,0.8944271909999159,4,16.1,1,FALSE,FALSE,FALSE,FALSE,FALSE
P0652,0.2222222222222222,0.9376144618769908,2,11.4,1,TRUE,FALSE,FALSE,FALSE,TRUE
P0653,0.05555555555555555,1.3004524099667145,3,10.5,1,FALSE,FALSE,FALSE,FALSE,FALSE
P0654,0,1.022619985129827,5,11.9,1,FALSE,FALSE,FALSE,FALSE,FALSE
P0655,0,1.2313975269103983,3,6,1,FALSE,FALSE,FALSE,FALSE,FALSE
P0656,0,1.7647603477433758,6,5.4,1,FALSE,FALSE,FALSE,FALSE,FALSE
P0657,0.05555555555555555,1.3666188418222285,3,8.5,1,FALSE,FALSE,FALSE,FALSE,FALSE
P0658,0.05555555555555555,1.6179144164088315,6,12.9,1,FALSE,FALSE,FALSE,FALSE,FALSE
P0659,0,0,18,2,0,FALSE,TRUE,TRUE,TRUE,TRUE
P0660,0.1111111111111111,0.6291528696058958,4,4.4,1,FALSE,FALSE,FALSE,FALSE,FALSE
P0661,0,1.367216532138064,2,10.5,1,FALSE,FALSE,FALSE,FALSE,FALSE
P0662,0.1111111111111111,1.7211914478058505,4,10.2,1,FALSE,FALSE,FALSE,FALSE,FALSE
P0663,0.05555555555555555,1.0145993123917847,2,7.5,1,FALSE,FALSE,FALSE,FALSE,FALSE
P0664,0,1.0431851677040116,4,8.1,1,FALSE,FALSE,FALSE,FALSE,FALSE
P0665,0.05555555555555555,1.4142135623730951,2,6.6,1,FALSE,FALSE,FALSE,FALSE,FALSE
P0666,0,1.1318329168362204,3,5.4,1,FALSE,FALSE,FALSE,FALSE,FALSE
P0667,0,1.1504474832710558,3,11.4,1,FALSE,FALSE,FALSE,FALSE,FALSE
P0668,0.05555555555555555,1.4552137502179976,5,5,1,FALSE,FALSE,FALSE,FALSE,FALSE
P0669,0.1111111111111111,1.0327955589886444,4,5,1,FALSE,FALSE,FALSE,FALSE,FALSE
P0670,0,1.6528841894672626,4,9.1,1,FALSE,FALSE,FALSE,FALSE,FALSE
P0671,0,1.0289915108550531,8,6.2,1,FALSE,FALSE,FALSE,FALSE,FALSE
P0672,0.05555555555555555,1.4245742398014511,3,7.4,1,FALSE,FALSE,FALSE,FALSE,FALSE
P0673,0,0.9428090415820634,2,10.4,1,FALSE,FALSE,FALSE,FALSE,FALSE
P0674,0,0.9582800496696,3,7.2,1,FALSE,FALSE,FALSE,FALSE,FALSE
P0675,0,1.2472191289246473,2,11,1,FALSE,FALSE,FALSE,FALSE,FALSE
P0676,0.05555555555555555,1.2862393885688161,2,10.9,1,FALSE,FALSE,FALSE,FALSE,FALSE
P0677,0.05555555555555555,1.5048939771136507,6,9.4,1,FALSE,FALSE,FALSE,FALSE,FALSE
P0678,0.1111111111111111,1.2632629707758134,3,4.3,1,FALSE,FALSE,FALSE,FALSE,FALSE
P0679,0,1.0966377611066325,2,8.1,1,FALSE,FALSE,FALSE,FALSE,FALSE
P0680,0,1.294785923709126,2,8.8,1,FALSE,FALSE,FALSE,FALSE,FALSE
P0681,0.05555555555555555,1.4245742398014511,5,7.1,1,FALSE,FALSE,FALSE,FALSE,FALSE
P0682,0,1.5048939771136507,3,14.4,1,FALSE,FALSE,FALSE,FALSE,FALSE
P0683,0,0.9217771979249537,4,7.9,1,FALSE,FALSE,FALSE,FALSE,FALSE
P0684,0,1.3345582608616182,3,7.3,1,FALSE,FALSE,FALSE,FALSE,FALSE
P0685,0.1111111111111111,0.873212459828649,3,10.1,1,FALSE,FALSE,FALSE,FALSE,FALSE
P0686,0,0.9701425001453319,3,11.1,1,FALSE,FALSE,FALSE,FALSE,FALSE
P0687,0,1.7149858514250884,5,8.9,1,FALSE,FALSE,FALSE,FALSE,FALSE
P0688,0,1.4741786236338814,2,11.8,1,FALSE,FALSE,FALSE,FALSE,FALSE
P0689,0,1.4234267774809048,6,7.7,1,FALSE,FALSE,FALSE,FALSE,FALSE
P0690,0,1.1617543641469046,3,11.1,1,FALSE,FALSE,FALSE,FALSE,FALSE
P0691,0.05555555555555555,1.159994928995001,2,6,1,FALSE,FALSE,FALSE,FALSE,FALSE
P0692,0.05555555555555555,1.1311108542958477,2,9,1,FALSE,FALSE,FALSE,FALSE,FALSE
P0693,0.05555555555555555,1.480262297901367,2,8.2,1,FALSE,FALSE,FALSE,FALSE,FALSE
P0694,0,1.6528841894672628,4,9.9,1,FALSE,FALSE,FALSE,FALSE,FALSE
P0695,0,1.3956046783744505,4,10.5,1,FALSE,FALSE,FALSE,FALSE,FALSE
P0696,0,1.6169041669088866,3,3.8,1,FALSE,FALSE,FALSE,FALSE,FALSE
P0697,0,1.2153699778283713,2,8.1,1,FALSE,FALSE,FALSE,FALSE,FALSE
P0698,0,1.4199788270537859,6,9.2,1,FALSE,FALSE,FALSE,FALSE,FALSE
P0699,0,1.3197840980097757,5,5.7,1,FALSE,FALSE,FALSE,FALSE,FALSE
P0700,0,1.5434872662825796,8,5.9,1,FALSE,FALSE,FALSE,FALSE,FALSE
P0701,0,1.4507153971054048,4,9.8,1,FALSE,FALSE,FALSE,FALSE,FALSE
P0702,0.05555555555555555,1.3449251017851382,2,10.8,1,FALSE,FALSE,FALSE,FALSE,FALSE
P0703,0.1111111111111111,0.9979144919948469,4,12.7,1,FALSE,FALSE,FALSE,FALSE,FALSE
P0704,0.05555555555555555,0.9034248560828043,3,6.7,1,FALSE,FALSE,FALSE,FALSE,FALSE
P0705,0,1.3048426644944466,2,4.5,1,FALSE,FALSE,FALSE,FALSE,FALSE
P0706,0.1111111111111111,1.1954775893619531,5,9,1,FALSE,FALSE,FALSE,FALSE,FALSE
P0707,0,1.3345582608616182,3,9.7,1,FALSE,FALSE,FALSE,FALSE,FALSE
P0708,0.05555555555555555,1.166316474052844,3,8.9,1,FALSE,FALSE,FALSE,FALSE,FALSE
P0709,0,1.533929977694741,4,10.8,1,FALSE,FALSE,FALSE,FALSE,FALSE
P0710,0,1.0740552924509195,3,6.4,1,FALSE,FALSE,FALSE,FALSE,FALSE
P0711,0,1.2113299556429322,2,7.9,1,FALSE,FALSE,FALSE,FALSE,FALSE
P0712,0,1.3920878193318216,2,13.5,1,FALSE,FALSE,FALSE,FALSE,FALSE
P0713,0,1.1659661762602749,2,8.6,1,FALSE,FALSE,FALSE,FALSE,FALSE
P0714,0.05555555555555555,1.3449251017851382,3,6.3,1,FALSE,FALSE,FALSE,FALSE,FALSE
P0715,0,1.2366938848016846,3,7.2,1,FALSE,FALSE,FALSE,FALSE,FALSE
P0716,0,1.2366938848016846,3,7.2,1,FALSE,FALSE,FALSE,FALSE,FALSE
P0717,0,1.0369008625190792,3,10.1,1,FALSE,FALSE,FALSE,FALSE,FALSE
P0718,0.1111111111111111,1.6683325008322931,6,6.1,1,FALSE,FALSE,FALSE,FALSE,FALSE
P0719,0,1.0981267472114395,6,5.6,1,FALSE,FALSE,FALSE,FALSE,FALSE
P0720,0,1.4199788270537859,6,14.5,1,FALSE,FALSE,FALSE,FALSE,FALSE
P0721,0,1.1504474832710558,6,8.5,1,FALSE,FALSE,FALSE,FALSE,FALSE
P0722,0,1.1504474832710556,2,7.2,1,FALSE,FALSE,FALSE,FALSE,FALSE
P0723,0,1.516790557318723,6,9.6,1,FALSE,FALSE,FALSE,FALSE,FALSE
P0724,0,1.1659661762602749,2,5.4,1,FALSE,FALSE,FALSE,FALSE,FALSE
P0725,0,1.4095843729891318,2,6.2,1,FALSE,FALSE,FALSE,FALSE,FALSE
P0726,0.05555555555555555,1.6627404735414788,3,6.7,1,FALSE,FALSE,FALSE,FALSE,FALSE
P0727,0,1.5005445634595809,7,4.2,1,FALSE,FALSE,FALSE,FALSE,FALSE
P0728,0.1111111111111111,1.0878112581387147,3,12.7,1,FALSE,FALSE,FALSE,FALSE,FALSE
P0729,0,1.3085940167422419,2,9,1,FALSE,FALSE,FALSE,FALSE,FALSE
P0730,0,1.114374293206496,3,10.4,1,FALSE,FALSE,FALSE,FALSE,FALSE
P0731,0,0.9785276387866011,4,6.3,1,FALSE,FALSE,FALSE,FALSE,FALSE
P0732,0,1.022619985129827,3,11.5,1,FALSE,FALSE,FALSE,FALSE,FALSE
P0733,0.1111111111111111,0.9979144919948469,3,19.2,1,FALSE,FALSE,FALSE,FALSE,FALSE
P0734,0.05555555555555555,1.5718104959867512,5,9.4,1,FALSE,FALSE,FALSE,FALSE,FALSE
P0735,0,1.3779306261410682,3,6.9,1,FALSE,FALSE,FALSE,FALSE,FALSE
P0736,0,1.2113299556429322,3,6.9,1,FALSE,FALSE,FALSE,FALSE,FALSE
P0737,0,1.127493605332358,3,14.5,1,FALSE,FALSE,FALSE,FALSE,FALSE
P0738,0.05555555555555555,1.1147408034263075,7,9.1,1,FALSE,FALSE,FALSE,FALSE,FALSE
P0739,0,1.3345582608616182,6,10.4,1,FALSE,FALSE,FALSE,FALSE,FALSE
P0740,0.05555555555555555,1.2514697241996051,2,4.4,1,FALSE,FALSE,FALSE,FALSE,FALSE
P0741,0,1.1143742932064957,3,7.4,1,FALSE,FALSE,FALSE,FALSE,FALSE
P0742,0.05555555555555555,1.0036697371030328,2,10.7,1,FALSE,FALSE,FALSE,FALSE,FALSE
P0743,0,1.4234267774809048,2,14.2,1,FALSE,FALSE,FALSE,FALSE,FALSE
P0744,0,1.1826634392157036,3,10.3,1,FALSE,FALSE,FALSE,FALSE,FALSE
P0745,0,0.8498365855987973,5,7.3,1,FALSE,FALSE,FALSE,FALSE,FALSE
P0746,0.05555555555555555,1.3666188418222285,3,10.9,1,FALSE,FALSE,FALSE,FALSE,FALSE
P0747,0,1.338226316137377,2,4.8,1,FALSE,FALSE,FALSE,FALSE,FALSE
P0748,0,1.278274981412284,2,8.2,1,FALSE,FALSE,FALSE,FALSE,FALSE
P0749,0,1.2897281468629185,5,10.5,1,FALSE,FALSE,FALSE,FALSE,FALSE
P0750,0.05555555555555555,1.3339459376998315,2,4.1,1,FALSE,FALSE,FALSE,FALSE,FALSE
P0751,0,1.0032626514091005,2,7.8,1,FALSE,FALSE,FALSE,FALSE,FALSE
P0752,0.1111111111111111,1.2893796958227628,4,20.1,1,FALSE,FALSE,FALSE,FALSE,FALSE
P0753,0,0,18,1.3,1,FALSE,TRUE,TRUE,FALSE,TRUE
P0754,0,0,18,1.9,0,FALSE,TRUE,TRUE,TRUE,TRUE
P0755,0.05555555555555555,1.1114378604524224,3,11.9,1,FALSE,FALSE,FALSE,FALSE,FALSE
P0756,0,1.3345582608616182,3,11.6,1,FALSE,FALSE,FALSE,FALSE,FALSE
P0757,0,0.8574929257125442,3,10.2,1,FALSE,FALSE,FALSE,FALSE,FALSE
P0758,0,1.5339299776947408,3,2.1,0,FALSE,FALSE,TRUE,TRUE,TRUE
P0759,0,1.4552137502179978,4,7.2,1,FALSE,FALSE,FALSE,FALSE,FALSE
P0760,0,1.0431851677040118,4,6.9,1,FALSE,FALSE,FALSE,FALSE,FALSE
P0761,0.05555555555555555,1.3284223283101428,3,8.5,1,FALSE,FALSE,FALSE,FALSE,FALSE
P0762,0,1.2628425245572248,2,8.4,1,FALSE,FALSE,FALSE,FALSE,FALSE
P0763,0,0.9983646759294877,2,9.1,1,FALSE,FALSE,FALSE,FALSE,FALSE
P0764,0,1.1490262999202834,2,9.8,1,FALSE,FALSE,FALSE,FALSE,FALSE
P0765,0,0.8782037520219095,6,15,1,FALSE,FALSE,FALSE,FALSE,FALSE
P0766,0.1111111111111111,1.1254628677422756,3,7.7,1,FALSE,FALSE,FALSE,FALSE,FALSE
P0767,0.1111111111111111,1.3102162671355697,4,10.5,1,FALSE,FALSE,FALSE,FALSE,FALSE
P0768,0.05555555555555555,0.919558717697852,2,9.4,1,FALSE,FALSE,FALSE,FALSE,FALSE
P0769,0.1111111111111111,1.2763881332363862,3,6.5,1,FALSE,FALSE,FALSE,FALSE,FALSE
P0770,0,1.3491706481792791,4,7.9,1,FALSE,FALSE,FALSE,FALSE,FALSE
P0771,0.05555555555555555,1.4194033543545475,4,9.2,1,FALSE,FALSE,FALSE,FALSE,FALSE
P0772,0.1111111111111111,1.25,2,8.1,1,FALSE,FALSE,FALSE,FALSE,FALSE
P0773,0.05555555555555555,1.3585242858683524,2,15.3,1,FALSE,FALSE,FALSE,FALSE,FALSE
P0774,0,1.2313975269103985,7,7.1,1,FALSE,FALSE,FALSE,FALSE,FALSE
P0775,0,1.274434386908933,3,3.4,1,FALSE,FALSE,FALSE,FALSE,FALSE
P0776,0,1.4142135623730951,6,8.4,1,FALSE,FALSE,FALSE,FALSE,FALSE
P0777,0,1.5339299776947408,3,6,1,FALSE,FALSE,FALSE,FALSE,FALSE
P0778,0,1.2366938848016846,3,10.8,1,FALSE,FALSE,FALSE,FALSE,FALSE
P0779,0,1.516790557318723,3,8.6,1,FALSE,FALSE,FALSE,FALSE,FALSE
P0780,0.05555555555555555,1.212678125181665,2,5.7,1,FALSE,FALSE,FALSE,FALSE,FALSE
P0781,0.05555555555555555,1.046703508780838,2,19.4,1,FALSE,FALSE,FALSE,FALSE,FALSE
P0782,0,0.9164438231805327,3,18.4,1,FALSE,FALSE,FALSE,FALSE,FALSE
P0783,0,1.4061024795535122,2,11.5,1,FALSE,FALSE,FALSE,FALSE,FALSE
P0784,0,0,18,2.8,1,FALSE,TRUE,FALSE,FALSE,TRUE
P0785,0,1.1143742932064957,3,5.2,1,FALSE,FALSE,FALSE,FALSE,FALSE
P0786,0.05555555555555555,1.480262297901367,4,7.7,1,FALSE,FALSE,FALSE,FALSE,FALSE
P0787,0,1.2153699778283713,5,12.2,1,FALSE,FALSE,FALSE,FALSE,FALSE
P0788,0.05555555555555555,1.4168108346481796,4,12.3,1,FALSE,FALSE,FALSE,FALSE,FALSE
P0789,0.05555555555555555,1.1694644324747672,2,6.7,1,FALSE,FALSE,FALSE,FALSE,FALSE
P0790,0.05555555555555555,1.5506165756581742,3,9.6,1,FALSE,FALSE,FALSE,FALSE,FALSE
P0791,0,1.6016739609309327,3,13.1,1,FALSE,FALSE,FALSE,FALSE,FALSE
P0792,0,0,18,2,0,FALSE,TRUE,TRUE,TRUE,TRUE
P0793,0,1.4245742398014511,3,6.2,1,FALSE,FALSE,FALSE,FALSE,FALSE
P0794,0,0,18,3,1,FALSE,TRUE,FALSE,FALSE,TRUE
P0795,0.05555555555555555,1.0537049480984033,3,4.9,1,FALSE,FALSE,FALSE,FALSE,FALSE
P0796,0,1.2113299556429322,3,10.6,1,FALSE,FALSE,FALSE,FALSE,FALSE
P0797,0.05555555555555555,1.1974237050483696,5,10,1,FALSE,FALSE,FALSE,FALSE,FALSE
P0798,0,1.1504474832710558,3,3.7,1,FALSE,FALSE,FALSE,FALSE,FALSE
P0799,0,1.640978506110406,5,7.9,1,FALSE,FALSE,FALSE,FALSE,FALSE
P0800,0,0.9582800496696,4,7.7,1,FALSE,FALSE,FALSE,FALSE,FALSE
P0801,0.1111111111111111,1.02469507659596,4,11.9,1,FALSE,FALSE,FALSE,FALSE,FALSE
P0802,0,1.0369008625190792,4,7.3,1,FALSE,FALSE,FALSE,FALSE,FALSE
P0803,0,1.4234267774809048,5,6.9,1,FALSE,FALSE,FALSE,FALSE,FALSE
P0804,0.1111111111111111,1.0144785195688801,4,7.7,1,FALSE,FALSE,FALSE,FALSE,FALSE
P0805,0,1.2744343869089327,2,6,1,FALSE,FALSE,FALSE,FALSE,FALSE
P0806,0,1.1099667309387473,6,5.7,1,FALSE,FALSE,FALSE,FALSE,FALSE
P0807,0.05555555555555555,1.159994928995001,5,6.1,1,FALSE,FALSE,FALSE,FALSE,FALSE
P0808,0,1.1447521637192344,2,6.1,1,FALSE,FALSE,FALSE,FALSE,FALSE
P0809,0,1.0032626514091005,2,6.1,1,FALSE,FALSE,FALSE,FALSE,FALSE
P0810,0,1.5519332240873456,3,1.7,0,FALSE,FALSE,TRUE,TRUE,TRUE
P0811,0.05555555555555555,1.3256518929102281,3,7.2,1,FALSE,FALSE,FALSE,FALSE,FALSE
P0812,0,0.9375953110592339,5,7.2,1,FALSE,FALSE,FALSE,FALSE,FALSE
P0813,0.05555555555555555,1.829094922439543,7,10.2,1,FALSE,FALSE,FALSE,FALSE,FALSE
P0814,0,1.2153699778283713,3,5.8,1,FALSE,FALSE,FALSE,FALSE,FALSE
P0815,0.05555555555555555,1.6156404667026196,4,6.7,1,FALSE,FALSE,FALSE,FALSE,FALSE
P0816,0,1.7452081921613043,6,12.1,1,FALSE,FALSE,FALSE,FALSE,FALSE
P0817,0.05555555555555555,1.2514697241996051,2,11.3,1,FALSE,FALSE,FALSE,FALSE,FALSE
P0818,0.05555555555555555,1.3004524099667143,3,7.8,1,FALSE,FALSE,FALSE,FALSE,FALSE
P0819,0,1.4552137502179978,3,13.4,1,FALSE,FALSE,FALSE,FALSE,FALSE
P0820,0,1.2153699778283713,6,10,1,FALSE,FALSE,FALSE,FALSE,FALSE
P0821,0.05555555555555555,1.7594283831102977,6,4.7,1,FALSE,FALSE,FALSE,FALSE,FALSE
P0822,0.05555555555555555,0.9510056596602791,2,7.4,1,FALSE,FALSE,FALSE,FALSE,FALSE
P0823,0,1.5676467522593478,2,10.1,1,FALSE,FALSE,FALSE,FALSE,FALSE
P0824,0,1.2313975269103985,3,8.3,1,FALSE,FALSE,FALSE,FALSE,FALSE
P0825,0,1.3491706481792791,2,6.5,1,FALSE,FALSE,FALSE,FALSE,FALSE
P0826,0.05555555555555555,1.502448981222481,3,15,1,FALSE,FALSE,FALSE,FALSE,FALSE
P0827,0.05555555555555555,1.224744871391589,3,7.1,1,FALSE,FALSE,FALSE,FALSE,FALSE
P0828,0,1.3826657968874305,2,5.4,1,FALSE,FALSE,FALSE,FALSE,FALSE
P0829,0,1.274434386908933,2,9.7,1,FALSE,FALSE,FALSE,FALSE,FALSE
P0830,0.05555555555555555,1.5996323106926056,4,10.3,1,FALSE,FALSE,FALSE,FALSE,FALSE
P0831,0,1.0786096109392207,6,10.5,1,FALSE,FALSE,FALSE,FALSE,FALSE
P0832,0.05555555555555555,1.5834623270468011,2,9,1,FALSE,FALSE,FALSE,FALSE,FALSE
P0833,0,1.2113299556429322,3,16.6,1,FALSE,FALSE,FALSE,FALSE,FALSE
P0834,0.05555555555555555,1.0571882797418486,3,17.4,1,FALSE,FALSE,FALSE,FALSE,FALSE
P0835,0,1.3284223283101428,2,8.8,1,FALSE,FALSE,FALSE,FALSE,FALSE
P0836,0,1.5135553089341052,2,2,0,FALSE,FALSE,TRUE,TRUE,TRUE
P0837,0,1.790497794732285,7,9.9,1,FALSE,FALSE,FALSE,FALSE,FALSE
P0838,0,1.1143742932064957,2,11.8,1,FALSE,FALSE,FALSE,FALSE,FALSE
P0839,0.05555555555555555,0.9510056596602791,4,7.6,1,FALSE,FALSE,FALSE,FALSE,FALSE
P0840,0,1.6289858106324406,4,11.1,1,FALSE,FALSE,FALSE,FALSE,FALSE
P0841,0,1.1785113019775793,3,7.8,1,FALSE,FALSE,FALSE,FALSE,FALSE
P0842,0,1.2366938848016846,3,8.2,1,FALSE,FALSE,FALSE,FALSE,FALSE
P0843,0,1.699673171197595,5,7.6,1,FALSE,FALSE,FALSE,FALSE,FALSE
P0844,0,1.1490262999202834,2,5.5,1,FALSE,FALSE,FALSE,FALSE,FALSE
P0845,0,1.3491706481792793,3,2.4,0,FALSE,FALSE,TRUE,TRUE,TRUE
P0846,0,1.3284223283101428,3,10.8,1,FALSE,FALSE,FALSE,FALSE,FALSE
P0847,0,1.3636264606493256,1,5.7,1,FALSE,FALSE,FALSE,FALSE,FALSE
P0848,0,1.1881770515720091,2,7.3,1,FALSE,FALSE,FALSE,FALSE,FALSE
P0849,0,1.0740552924509192,5,9.1,1,FALSE,FALSE,FALSE,FALSE,FALSE
P0850,0.05555555555555555,1.2307338795828044,3,7.8,1,FALSE,FALSE,FALSE,FALSE,FALSE
P0851,0.05555555555555555,1.5315313367000094,5,10.4,1,FALSE,FALSE,FALSE,FALSE,FALSE
P0852,0,1.319784098009776,2,13,1,FALSE,FALSE,FALSE,FALSE,FALSE
P0853,0,1.3234931004459767,6,17.4,1,FALSE,FALSE,FALSE,FALSE,FALSE
P0854,0,1.1490262999202834,5,9.7,1,FALSE,FALSE,FALSE,FALSE,FALSE
P0855,0,1.5434872662825796,3,12.2,1,FALSE,FALSE,FALSE,FALSE,FALSE
P0856,0,0.9633818428657449,6,7.7,1,FALSE,FALSE,FALSE,FALSE,FALSE
P0857,0,1.1447521637192346,4,10.7,1,FALSE,FALSE,FALSE,FALSE,FALSE
P0858,0,0.9983646759294877,2,6.7,1,FALSE,FALSE,FALSE,FALSE,FALSE
P0859,0,1.127493605332358,3,6.2,1,FALSE,FALSE,FALSE,FALSE,FALSE
P0860,0,1.8856180831641265,8,11.7,1,FALSE,FALSE,FALSE,FALSE,FALSE
P0861,0,1.3826657968874305,2,1.3,1,FALSE,FALSE,TRUE,FALSE,TRUE
P0862,0.05555555555555555,1.5024489812224808,4,12,1,FALSE,FALSE,FALSE,FALSE,FALSE
P0863,0,1.4142135623730954,3,11.6,1,FALSE,FALSE,FALSE,FALSE,FALSE
P0864,0.05555555555555555,1.3932610920384718,2,9.4,1,FALSE,FALSE,FALSE,FALSE,FALSE
P0865,0,1.2485285456935955,2,7.7,1,FALSE,FALSE,FALSE,FALSE,FALSE
P0866,0,1.455213750217998,5,5.2,1,FALSE,FALSE,FALSE,FALSE,FALSE
P0867,0,1.4234267774809048,4,5.2,1,FALSE,FALSE,FALSE,FALSE,FALSE
P0868,0,0.7669649888473704,4,10,1,FALSE,FALSE,FALSE,FALSE,FALSE
P0869,0,1.504893977113651,4,6.9,1,FALSE,FALSE,FALSE,FALSE,FALSE
P0870,0,1.043185167704012,3,8.6,1,FALSE,FALSE,FALSE,FALSE,FALSE
P0871,0,0,18,2.9,0,FALSE,TRUE,FALSE,TRUE,TRUE
P0872,0,1.127493605332358,2,5.4,1,FALSE,FALSE,FALSE,FALSE,FALSE
P0873,0,0.8264420947336313,2,11.8,1,FALSE,FALSE,FALSE,FALSE,FALSE
P0874,0,1.1826634392157034,4,10.7,1,FALSE,FALSE,FALSE,FALSE,FALSE
P0875,0.05555555555555555,1.325651892910228,5,8.2,1,FALSE,FALSE,FALSE,FALSE,FALSE
P0876,0,1.1991282236408358,4,7.1,1,FALSE,FALSE,FALSE,FALSE,FALSE
P0877,0,1.0369008625190792,5,8.6,1,FALSE,FALSE,FALSE,FALSE,FALSE
P0878,0,1.0369008625190792,3,12,1,FALSE,FALSE,FALSE,FALSE,FALSE
P0879,0,1.3826657968874305,3,5.9,1,FALSE,FALSE,FALSE,FALSE,FALSE
P0880,0.05555555555555555,1.0571882797418488,7,12.2,1,FALSE,FALSE,FALSE,FALSE,FALSE
P0881,0,1.0786096109392207,3,9.7,1,FALSE,FALSE,FALSE,FALSE,FALSE
P0882,0,1.1950332945836273,3,1.4,0,FALSE,FALSE,TRUE,TRUE,TRUE
P0883,0,1.2485285456935955,2,6,1,FALSE,FALSE,FALSE,FALSE,FALSE
P0884,0,0.9428090415820634,7,7.8,1,FALSE,FALSE,FALSE,FALSE,FALSE
P0885,0,1.2897281468629183,3,9.7,1,FALSE,FALSE,FALSE,FALSE,FALSE
P0886,0.05555555555555555,1.4552137502179978,3,10.5,1,FALSE,FALSE,FALSE,FALSE,FALSE
P0887,0,1.0740552924509195,6,5.9,1,FALSE,FALSE,FALSE,FALSE,FALSE
P0888,0,1.178511301977579,2,7.5,1,FALSE,FALSE,FALSE,FALSE,FALSE
P0889,0,1.464168996281919,3,7.3,1,FALSE,FALSE,FALSE,FALSE,FALSE
P0890,0,1.5264551613058026,5,9.8,1,FALSE,FALSE,FALSE,FALSE,FALSE
P0891,0,1.2628425245572248,4,6,1,FALSE,FALSE,FALSE,FALSE,FALSE
P0892,0,1.1318329168362204,3,4.2,1,FALSE,FALSE,FALSE,FALSE,FALSE
P0893,0,1.4142135623730951,5,11.3,1,FALSE,FALSE,FALSE,FALSE,FALSE
P0894,0.05555555555555555,1.3284223283101428,5,12.2,1,FALSE,FALSE,FALSE,FALSE,FALSE
P0895,0,1.4095843729891318,2,2,1,FALSE,FALSE,TRUE,FALSE,TRUE
P0896,0.05555555555555555,1.3228756555322954,2,8.2,1,FALSE,FALSE,FALSE,FALSE,FALSE
P0897,0.05555555555555555,1.21872643265298,5,10.3,1,FALSE,FALSE,FALSE,FALSE,FALSE
P0898,0,1.3719886811400708,5,8.2,1,FALSE,FALSE,FALSE,FALSE,FALSE
P0899,0.05555555555555555,1.455213750217998,2,7.9,1,FALSE,FALSE,FALSE,FALSE,FALSE
P0900,0,1.0032626514091005,2,5,1,FALSE,FALSE,FALSE,FALSE,FALSE
