id,age,sex,bmi,weekly_takeout,stress_score,completion_time_min,attention_check,q01,q02,q03,q04,q05,q06,q07,q08,q09,q10,q11,q12,q13,q14,q15,q16,q17,q18
P0001,21,Male,26.9,4.5,15.8,7.6,1,1,4,1,1,2,1,4,5,5,5,5,,2,4,4,2,3,2
P0002,21,Female,22.2,0.4,18,15.3,1,2,1,1,1,1,1,1,2,2,2,2,1,,4,5,4,2,4
P0003,20,Female,22.2,4.3,18.6,5.9,1,4,3,2,3,3,2,3,3,3,2,3,1,5,3,2,2,1,3
P0004,23,Male,25.8,3.5,24,6,1,3,1,2,2,1,2,5,2,5,5,2,3,2,4,5,5,4,4
P0005,25,Female,24.4,1.5,19.2,12.6,1,2,5,3,2,4,2,2,1,1,2,3,4,5,4,5,5,3,5
P0006,18,Female,23.5,1.1,0,7.4,1,1,1,3,1,3,1,1,1,1,1,1,2,5,5,5,4,5,5
P0007,23,Female,25.1,1.3,13.6,5.1,1,1,1,2,1,1,,5,3,3,3,1,2,2,2,5,4,1,4
P0008,21,Female,26.2,3.5,15.2,5.5,1,3,2,4,1,1,1,3,,3,4,2,,5,5,3,4,4,5
P0009,21,Male,24.6,2.9,18.2,12.6,1,1,2,2,2,2,3,3,1,2,3,,3,2,1,1,1,2,2
P0010,23,Female,20.6,3,12.1,9.1,1,2,3,2,2,4,2,1,1,4,3,2,3,1,1,3,3,1,5
P0011,21,Male,24,5,22.1,9.9,1,3,3,4,4,3,2,2,1,4,4,2,4,5,4,4,5,5,3
P0012,21,Female,18.1,2.2,15.6,5.8,1,1,1,1,3,1,1,2,4,1,2,2,1,1,3,2,4,,2
P0013,21,Female,20.1,4.3,23.6,6.7,1,3,5,5,4,3,2,3,1,2,1,3,1,4,2,2,4,4,3
P0014,23,Female,24.5,2.5,26.3,16.2,1,3,4,3,,3,4,4,4,4,5,3,4,5,4,4,5,5,4
P0015,18,Male,22.4,0,10.1,11.7,1,1,1,1,1,1,1,2,3,1,1,2,1,5,5,3,5,4,5
P0016,23,Male,26.6,3.7,18.2,16,1,3,3,4,1,4,3,3,5,3,2,4,3,1,1,1,1,1,1
P0017,21,Female,16.7,2.9,22.8,1.2,0,3,4,4,4,5,5,5,2,1,1,2,5,4,1,2,2,2,5
P0018,22,Male,17.6,5,14.1,5,1,4,5,4,5,5,4,2,3,,2,3,4,2,3,5,4,2,
P0019,23,Female,22.2,1.4,15.3,9,1,4,2,4,4,2,1,2,3,2,2,2,1,4,4,2,3,3,4
P0020,22,Female,18.8,4.4,17.1,4.9,1,,3,4,2,5,4,5,4,5,3,4,4,3,5,3,2,1,3
P0021,23,Female,16,3.6,19.4,5.7,1,3,2,2,4,2,2,3,1,3,1,2,1,2,3,2,1,2,4
P0022,21,Female,26.6,2.9,21.8,10.4,1,3,2,4,3,3,4,2,2,1,2,2,2,5,4,,2,3,4
P0023,23,Female,19.7,2.6,21.6,22.9,1,1,1,1,3,2,2,1,2,1,1,2,3,3,2,4,3,3,3
P0024,19,Female,25,5.7,28.2,6,1,5,4,4,4,4,5,2,5,5,5,5,5,1,2,2,,5,1
P0025,19,Male,24.1,4.1,21.8,11.3,1,3,3,3,1,4,2,4,4,2,5,5,4,3,5,1,3,3,3
P0026,21,Female,28.1,3.7,25.7,8.6,1,3,5,5,3,5,5,5,4,5,5,4,5,1,2,2,1,1,2
P0027,20,Male,24.2,5.4,24.2,10.2,1,5,3,5,3,,4,5,5,4,4,4,5,1,1,1,2,3,2
P0028,18,Female,22,3.8,22.8,6.6,1,2,4,3,2,2,1,5,5,3,3,3,4,,1,3,2,4,2
P0029,23,Male,21.6,6.3,16.5,3,1,4,5,4,2,4,4,2,3,3,4,3,2,2,3,4,3,2,1
P0030,21,Female,16.9,5.7,28.4,8,1,3,4,4,3,3,5,5,5,5,5,,5,2,4,2,2,3,3
P0031,22,Female,18.6,4.4,9.3,8.8,1,1,3,1,2,1,1,1,1,2,2,1,1,1,2,2,2,3,4
P0032,23,Male,25.3,4.8,20.5,7.3,1,3,4,4,2,2,3,3,2,1,2,4,3,3,4,3,2,3,3
P0033,19,Female,25.7,5.1,16,5.3,1,3,4,3,4,4,5,3,5,5,3,3,3,5,3,2,5,5,4
P0034,21,Male,16.7,4.6,19.7,4.7,1,3,4,1,5,4,3,3,4,5,3,3,5,3,1,2,3,3,4
P0035,18,Female,24.3,4.1,14.7,10.2,1,3,4,2,5,3,5,3,4,1,2,4,4,3,4,4,3,3,2
P0036,26,Female,22.5,3.2,25.4,8.4,1,4,5,4,3,5,2,1,2,4,3,4,2,3,1,2,1,,3
P0037,23,Male,22.9,2.1,14.1,12.8,1,4,5,5,5,5,4,3,4,2,2,2,4,2,2,1,3,1,3
P0038,21,Female,29.5,2.8,20.4,10.1,1,3,1,4,1,3,3,3,3,1,2,1,2,4,3,2,,3,5
P0039,24,Male,22,4.3,24.8,3.9,1,3,3,,2,3,2,4,4,4,4,2,,1,2,4,2,2,1
P0040,20,Female,22.9,0.8,21.1,6.5,1,1,2,3,3,3,2,3,5,3,4,3,,,5,3,5,3,4
P0041,22,Female,25.3,1.6,14.5,19,1,1,2,2,3,2,1,2,1,2,1,1,1,4,4,2,5,3,5
P0042,24,Female,19.9,1.7,20.8,6.8,1,3,3,1,3,3,4,4,2,3,5,2,2,2,1,1,1,1,1
P0043,23,Male,21.5,1.9,12.8,7.3,1,2,3,2,2,2,3,1,,2,1,1,1,3,3,3,2,3,4
P0044,24,Female,25,3.7,20.7,7.2,1,4,3,4,5,3,4,4,3,4,5,2,2,2,2,3,5,3,3
P0045,21,Male,26.9,0,20.7,3.3,1,1,2,2,2,1,3,4,1,2,2,4,4,3,4,3,4,1,5
P0046,21,Female,22.9,5.2,20.3,10.3,1,4,5,3,5,5,4,5,,5,4,5,5,,3,2,3,4,1
P0047,20,Female,27.9,3.2,24.1,7.7,1,2,5,5,5,4,2,1,3,5,4,2,3,2,1,1,2,1,2
P0048,24,Male,24.9,2.1,17.4,10.2,1,3,2,2,3,1,2,5,5,3,3,3,1,4,4,4,3,4,2
P0049,24,Female,20.8,3.5,26.7,6.6,1,3,5,2,4,3,1,,2,2,5,3,4,1,1,1,4,2,2
P0050,22,Male,21.2,4.7,15.7,5,1,3,2,2,4,3,5,2,5,1,3,4,4,1,2,1,2,1,1
P0051,23,Female,21.8,0,13.6,8.1,1,1,1,1,1,1,3,3,5,2,1,2,3,4,4,3,3,2,3
P0052,22,Female,22.6,2.6,16.1,6.6,1,4,5,2,4,5,,1,1,1,1,1,3,3,3,1,4,3,4
P0053,23,Male,20.4,3,9,6.6,1,1,2,1,2,2,3,5,4,2,2,2,3,4,,2,5,5,4
P0054,20,Female,30,3.9,25,13.4,1,5,2,5,2,,4,3,5,5,4,5,4,2,4,4,5,3,4
P0055,24,Female,18.9,1.4,15.1,8.1,1,2,3,1,3,1,3,1,3,1,2,,1,1,3,2,5,4,4
P0056,21,Male,26.8,0.7,15,16.4,1,2,4,3,3,4,2,3,3,3,3,3,3,2,2,4,3,5,5
P0057,18,Male,19.9,0,4.3,8.8,1,1,1,2,1,2,1,,2,1,1,2,1,1,3,4,3,5,4
P0058,25,Female,27.4,1.1,13.6,5.7,1,2,2,3,2,1,2,3,2,3,2,2,3,2,3,5,3,5,4
P0059,21,Female,20.9,4.3,17.8,8.6,1,4,3,3,4,5,2,3,4,2,2,3,3,2,2,2,3,2,3
P0060,21,Male,22.1,2.6,15.8,5.5,1,3,,3,1,4,1,2,3,2,1,1,2,4,5,3,5,4,4
P0061,21,Female,19.9,2.5,15.2,8.8,1,,3,2,4,2,2,3,1,1,3,3,2,1,1,1,1,1,1
P0062,23,Male,21.8,6,16.6,8.7,1,3,4,3,4,3,2,2,2,3,2,,1,2,2,5,2,2,3
P0063,22,Female,19.9,5.1,16.9,8.5,1,3,3,,4,2,4,2,3,1,2,3,,2,3,1,1,3,1
P0064,19,Male,19.1,2.4,15.5,10.1,1,3,2,1,3,2,2,4,3,3,2,5,3,3,2,1,4,2,2
P0065,23,Male,28.6,2.1,11,4.8,1,1,1,4,2,3,,1,1,2,2,3,1,2,1,5,4,4,5
P0066,24,Male,20.9,2.6,22.8,1.1,1,2,2,2,2,2,2,2,2,2,2,2,2,2,2,2,2,2,2
P0067,20,Male,23.3,1.9,17.9,3.8,1,2,1,3,2,1,2,1,2,2,2,4,3,5,5,5,5,5,
P0068,20,Female,25.8,4.1,24.1,11.3,1,3,3,4,4,5,3,3,5,3,5,5,4,1,1,1,,2,1
P0069,19,Male,25.5,3,0,5.1,1,2,1,4,1,4,1,1,1,3,1,4,1,5,2,4,4,4,5
P0070,23,Female,28.7,1.7,14.2,4.6,1,4,3,3,5,3,1,3,3,2,2,4,5,1,3,2,3,3,2
P0071,22,Female,23.6,6.4,23.2,9.1,1,4,2,4,2,2,5,5,5,3,2,4,5,5,4,,5,2,4
P0072,24,Male,24.9,1.3,7.7,2.6,0,1,4,2,4,5,1,1,1,1,5,5,3,2,3,1,5,1,1
P0073,21,Female,23.1,6,15.3,7.9,1,5,4,5,5,4,4,4,4,4,4,5,4,1,1,1,2,2,1
P0074,20,Male,21,0,22.6,8,1,3,1,3,1,2,3,1,2,2,2,3,2,2,4,3,4,5,3
P0075,24,Female,23.5,5.9,20.9,12.2,1,4,5,4,5,5,4,4,3,3,4,5,5,5,4,1,3,2,3
P0076,24,Female,20.4,0,16.7,12.3,1,1,2,2,1,2,1,2,,1,2,2,1,4,5,5,3,3,3
P0077,21,Female,19.8,5.1,20.8,2.7,1,4,4,1,4,2,1,3,3,5,1,4,1,1,1,5,4,3,1
P0078,19,Female,20.4,3.2,23.1,7.9,1,3,5,2,2,2,4,2,4,2,1,3,4,1,2,1,1,1,1
P0079,20,Female,22.1,3.1,18.8,12.9,1,3,4,1,3,1,2,4,3,2,1,2,2,4,3,3,3,3,3
P0080,18,Female,19.1,3.6,23.4,11.3,1,3,1,1,4,4,2,4,4,3,1,5,2,3,1,4,2,2,1
P0081,20,Female,19.5,0.9,14.9,10.8,1,3,2,3,5,4,2,2,5,2,3,2,4,5,4,5,4,5,5
P0082,20,Female,19.1,6.1,27.4,8.3,1,4,4,5,5,5,4,4,5,4,5,5,5,5,1,2,1,3,3
P0083,20,Male,22,2.2,10.4,9.1,1,1,3,2,4,2,2,2,2,2,1,3,1,4,3,5,5,3,4
P0084,19,Female,23,1.3,7.4,9.7,1,1,1,1,4,1,2,1,3,2,1,1,1,4,5,3,4,3,4
P0085,22,Female,24.6,3.3,11.6,5.8,1,4,4,4,,3,4,4,2,4,3,1,2,1,2,1,2,2,2
P0086,19,Male,18.6,4.3,14.7,8.9,1,5,2,2,4,3,2,1,2,4,4,5,3,1,2,1,1,1,4
P0087,20,Female,19.2,5.4,11.2,7.1,1,3,3,3,4,2,4,3,5,2,2,4,4,2,4,2,3,2,5
P0088,22,Male,23.4,1.8,13.6,4.9,1,1,2,4,1,1,,3,2,3,1,4,3,3,3,4,3,2,1
P0089,21,Female,24.2,5.8,27,11,1,5,5,3,5,2,5,4,2,4,3,3,4,3,3,2,3,5,2
P0090,20,Female,19.2,4.7,31.2,9.3,1,3,4,3,5,2,5,5,4,5,4,4,5,1,1,1,1,1,1
P0091,20,Female,22.4,0,8.2,5.6,1,1,1,1,1,1,1,1,2,3,2,3,2,3,4,5,3,3,4
P0092,20,Female,22.6,7.8,24.3,5.7,1,2,5,4,2,5,5,4,3,3,5,4,5,3,1,2,2,2,2
P0093,24,Female,23,3.2,17.2,8.1,1,1,4,1,2,1,1,2,3,5,3,2,1,2,4,2,,1,1
P0094,24,Male,23.5,3.4,16.4,6.1,1,4,5,5,2,2,3,3,3,4,2,4,1,5,2,2,1,4,3
P0095,22,Female,19.7,0.8,11.2,6.7,1,4,2,3,1,2,2,1,2,1,1,2,2,5,4,,4,3,5
P0096,24,Male,23.7,6.1,23.2,11.6,1,2,3,5,4,1,1,4,3,4,4,4,3,5,5,5,5,5,5
P0097,21,Male,24.9,1.1,11.5,14.7,1,1,1,3,2,3,1,2,2,2,1,2,2,4,3,2,2,3,4
P0098,19,Male,22.8,2.5,20.6,5.3,1,3,1,3,5,5,1,,,2,5,1,2,4,4,5,3,2,4
P0099,24,Female,21.1,4.9,7,5.1,1,2,5,4,4,3,2,1,1,1,1,1,2,5,5,4,5,,5
P0100,22,Female,19.7,3.5,28.1,1.4,0,2,2,2,2,2,2,2,2,2,2,2,2,2,2,2,2,2,2
P0101,20,Male,17.1,5.2,18.5,7.4,1,5,5,2,2,5,5,4,5,5,5,5,3,4,5,3,2,2,3
P0102,21,Female,17.1,4.7,14.4,9.8,1,3,5,1,3,4,4,4,3,5,2,2,2,4,5,2,3,2,4
P0103,20,Female,23.5,1.9,17.9,8.1,1,1,2,2,3,2,2,2,5,4,4,4,5,3,4,5,2,3,3
P0104,23,Male,16,4.8,16.1,15.5,1,3,2,2,2,3,2,3,2,1,1,2,2,4,5,3,4,3,2
P0105,26,Male,25.2,5.4,26.5,8,1,2,2,2,3,4,5,5,5,5,4,5,2,3,4,3,2,5,1
P0106,24,Male,25,4.2,23.1,8.5,1,3,4,4,4,3,2,2,2,2,5,4,5,3,1,1,2,1,1
P0107,20,Male,21.8,0.7,6.1,11.3,1,3,2,3,2,2,2,2,1,1,1,2,1,5,4,5,5,4,5
P0108,22,Male,27.5,3.6,19.6,10.7,1,3,3,4,5,5,,3,5,5,3,5,5,4,1,1,1,1,1
P0109,23,Male,22.1,0,13.1,8.1,1,1,2,3,1,1,2,2,2,2,3,2,1,3,3,5,5,5,2
P0110,20,Male,19.9,0.2,15.1,9.9,1,2,1,3,4,3,,2,3,1,1,,1,5,5,4,5,5,5
P0111,19,Female,22,-0,15.5,13.1,1,1,1,3,1,1,2,4,2,2,2,4,2,4,5,5,4,5,2
P0112,23,Female,26.4,2.3,22.8,3,0,1,1,1,2,1,4,4,5,2,4,2,4,2,3,4,5,2,3
P0113,22,Female,22.1,3,12.1,6.6,1,3,,1,3,4,4,2,3,3,1,2,1,2,2,2,3,2,2
P0114,21,Female,23.8,4.6,16.3,7.9,1,1,3,3,3,1,3,2,5,2,3,2,1,1,3,3,1,,1
P0115,24,Female,29.8,0,24.3,11.1,1,1,1,1,1,1,3,3,5,5,3,5,3,2,3,3,4,3,1
P0116,22,Male,24.1,5.1,18,13.5,1,2,1,3,3,1,4,4,1,3,1,2,1,2,2,1,2,2,2
P0117,18,Male,19.5,3.9,20,9.2,1,2,3,2,5,2,1,3,3,2,1,2,3,3,4,2,1,2,1
P0118,20,Male,26.8,5.8,28,7.6,1,5,5,2,3,,4,3,3,2,5,2,3,2,1,2,1,1,2
P0119,22,Female,22.8,8.9,22.3,16.1,1,5,5,4,5,5,5,5,3,5,5,5,3,1,1,1,1,4,1
P0120,22,Female,24.2,2,16.4,9.5,1,2,1,1,2,1,2,1,2,1,1,1,1,1,1,1,3,1,3
P0121,19,Male,26.8,11.1,22.6,13.1,1,4,4,4,3,5,5,4,5,5,5,2,4,2,1,1,1,1,3
P0122,19,Female,23.7,4.6,23.7,8.8,1,5,3,1,3,3,3,4,5,5,4,5,5,1,1,2,1,2,2
P0123,22,Female,22.4,5.3,17.4,6.8,1,4,3,3,,3,4,3,2,2,3,2,1,1,2,1,1,1,3
P0124,25,Male,22.8,5.9,27.5,14.4,1,3,5,2,4,2,1,4,5,,4,4,3,3,1,2,4,1,1
P0125,22,Male,24,1.6,21.4,5.8,1,1,2,1,2,1,2,1,1,1,,1,3,5,5,4,4,5,2
P0126,23,Female,24.6,4.4,16.3,11.6,1,2,3,3,3,2,1,2,4,5,2,4,3,2,2,,1,3,3
P0127,19,Male,17.9,0.4,18.5,4.4,1,2,1,2,2,2,1,4,3,5,3,,2,5,5,2,4,4,3
P0128,19,Female,17.8,5.9,18,6.5,1,3,3,2,4,4,1,5,4,3,4,4,5,5,5,4,5,2,
P0129,23,Male,19.4,3.4,16.4,4.9,1,3,2,2,2,4,2,4,4,1,5,1,3,1,1,4,1,1,1
P0130,25,Male,22.5,3.5,28.5,10.2,1,4,2,3,3,5,3,5,5,5,5,5,5,4,2,3,5,4,2
P0131,22,Female,25.6,3.5,10.9,8.6,1,3,2,3,1,5,4,2,3,1,1,2,2,1,5,1,3,3,4
P0132,23,Female,26.5,9,28.9,8.8,1,4,4,3,4,5,5,5,5,5,5,4,5,1,2,1,2,1,1
P0133,22,Female,17.7,5.1,14.5,8.3,1,4,3,4,5,4,4,4,4,3,3,3,3,2,2,4,4,2,3
P0134,23,Female,20.4,2.1,19,8.3,1,1,4,1,4,1,3,3,2,4,1,3,2,3,2,3,4,2,2
P0135,23,Female,17.6,4.1,12.9,11.6,1,2,4,2,1,1,2,5,1,3,,5,5,2,1,3,,2,2
P0136,19,Male,21.4,4.9,18.1,13.7,1,3,2,2,3,4,3,4,5,3,4,3,1,3,2,2,3,1,1
P0137,19,Male,24.7,1.7,10.7,6.6,1,1,4,1,1,5,2,2,1,2,2,3,2,5,3,5,5,4,2
P0138,20,Male,19.5,1,21.2,9.4,1,3,5,3,4,4,5,,5,5,5,3,5,3,5,5,5,5,4
P0139,22,Male,22.7,2.8,20.9,6.3,1,5,,5,3,4,4,5,4,3,3,3,3,3,2,3,4,2,1
P0140,19,Male,19.9,3.7,28,11.7,1,3,2,2,1,2,4,5,5,3,5,4,4,2,2,3,5,2,5
P0141,19,Male,28.3,5.8,19.9,4.3,1,1,4,3,3,3,2,,1,3,2,2,2,1,1,3,1,1,2
P0142,19,Female,29.6,4.3,17.4,8.3,1,3,5,5,3,4,4,3,2,2,1,2,5,2,5,1,3,3,3
P0143,21,Female,25.1,4,15.5,4.3,1,3,1,4,4,5,3,3,2,5,3,3,5,4,2,2,2,5,1
P0144,18,Male,19.9,0,7.7,10.8,1,2,1,2,2,2,5,1,1,1,1,1,1,4,2,2,2,2,4
P0145,18,Male,24.4,3.9,29.2,11.2,1,2,3,4,4,1,3,5,3,5,4,5,4,1,2,2,3,3,1
P0146,23,Male,21.2,3,15.3,11.4,1,1,3,1,1,2,2,5,2,3,1,1,1,4,1,4,3,5,1
P0147,20,Male,21.2,3.7,25.8,10.2,1,4,5,4,5,2,2,4,2,,3,4,3,2,1,1,1,2,4
P0148,22,Female,29.4,2.6,14.8,8.1,1,5,4,4,4,5,2,2,3,2,2,4,3,2,4,2,4,5,2
P0149,21,Male,19.4,3,26.1,10.1,1,3,2,2,1,2,2,3,3,3,3,4,4,1,2,3,4,4,3
P0150,23,Female,24.5,0.3,13.5,10.7,1,1,1,2,1,1,2,3,2,2,1,1,2,4,5,5,5,5,5
P0151,22,Female,21.6,1.1,15.9,13.9,1,4,4,5,4,5,4,2,2,3,2,5,3,4,5,3,3,5,4
P0152,21,Male,22.5,4.1,17,6.4,1,4,4,4,4,3,3,3,2,4,2,1,,4,1,3,3,3,3
P0153,25,Female,26.3,4.1,19.8,8.9,1,2,2,5,2,3,3,4,5,5,2,5,4,1,1,2,4,4,1
P0154,18,Female,22,5.9,21.8,5.7,1,1,3,3,3,3,3,3,3,4,5,,3,1,4,,3,3,4
P0155,21,Male,16,6.3,16.5,9.6,1,4,5,2,3,5,4,2,3,4,4,3,4,3,5,4,5,3,4
P0156,23,Female,19.5,4.7,11.3,9.7,1,5,5,4,3,5,3,4,1,2,2,3,3,2,1,2,1,2,5
P0157,23,Female,24.8,4.8,23.1,8.4,1,3,3,3,3,1,3,1,4,1,1,2,1,4,4,3,2,5,2
P0158,20,Female,23.1,2.1,9.5,8.1,1,2,2,2,2,2,2,2,2,2,2,1,,3,3,3,4,3,5
P0159,22,Female,21.4,1.8,17.1,13,1,2,2,3,5,1,1,1,1,3,2,2,2,1,1,1,1,4,3
P0160,19,Male,23.9,2.4,23.1,9.4,1,4,5,2,2,5,4,2,2,2,3,2,3,3,2,1,1,1,3
P0161,20,Female,28.6,7,19.5,2.7,0,4,4,4,4,4,4,4,4,4,4,4,4,4,4,4,4,4,4
P0162,22,Male,25.8,1.4,20.4,12.5,1,4,2,3,2,3,2,3,3,3,3,2,2,3,4,3,2,5,5
P0163,23,Female,24.9,0.4,17,5.9,1,1,,2,1,2,3,1,3,2,1,1,2,2,1,3,4,3,4
P0164,22,Female,23.8,5.8,21.1,20.9,1,5,5,2,4,5,4,4,2,1,5,3,4,,2,5,3,1,2
P0165,19,Male,25,1.2,15.7,9.9,1,2,4,2,4,2,4,3,1,1,1,1,,3,2,3,3,2,
P0166,21,Female,24.4,3.8,16.9,12.7,1,5,5,5,2,4,2,3,1,,1,4,1,2,4,4,3,2,3
P0167,20,Female,21.4,3.9,23.2,6.2,1,,1,2,2,2,3,4,4,5,5,5,5,2,3,5,4,3,2
P0168,22,Male,17.9,4.1,8.3,12.9,1,1,3,1,2,2,2,3,3,2,3,5,1,3,4,3,5,2,2
P0169,20,Female,28.1,1.4,11.8,9.1,1,3,3,4,4,3,2,1,1,1,1,1,2,4,5,5,3,4,4
P0170,20,Female,26.7,4.2,15.5,1.3,1,2,4,5,3,4,5,1,1,4,4,2,5,5,5,1,1,3,4
P0171,19,Female,21.9,2.9,27.5,11,1,3,1,1,2,1,1,4,3,5,5,2,5,3,3,2,3,2,3
P0172,23,Female,19.1,3.3,12.4,9.9,1,2,2,2,2,3,1,1,1,2,2,2,3,2,2,3,2,1,2
P0173,21,Male,16,5.9,21.5,7,1,4,3,2,5,3,3,5,5,5,5,5,5,3,3,5,,3,3
P0174,19,Female,18.4,4.4,14,5.4,1,5,5,4,2,5,3,,2,5,5,2,4,5,5,5,5,5,5
P0175,18,Female,23.6,0,24.2,6.8,1,2,4,2,,2,3,4,1,4,2,1,1,5,3,3,2,2,2
P0176,20,Female,21.5,2.3,14.2,10.5,1,2,2,4,3,2,3,4,3,4,1,3,3,1,1,1,3,4,2
P0177,20,Female,21.1,0.8,10.7,1.6,0,2,2,2,2,2,2,2,2,2,2,2,2,2,2,2,2,2,2
P0178,22,Female,25,4,20.6,14.5,1,2,1,1,3,1,3,2,3,4,4,3,5,2,4,4,1,1,2
P0179,20,Male,25.4,9.6,24.1,5.9,1,4,3,5,5,4,5,5,5,4,5,5,5,2,2,3,3,2,1
P0180,21,Female,21.2,2.7,22.4,13.1,1,3,4,1,3,3,3,4,5,5,2,5,4,4,2,4,3,,4
P0181,22,Female,23.3,0.8,19.1,4.8,1,1,2,1,1,1,2,5,4,2,2,5,2,4,4,1,3,4,2
P0182,22,Female,23.8,3.7,22.4,9.2,1,3,3,2,3,1,2,3,4,5,3,2,4,1,1,1,1,1,1
P0183,23,Female,21.6,0.9,13.2,13,1,3,3,3,5,5,5,2,1,3,1,1,4,,2,3,1,3,4
P0184,22,Male,20.5,5.8,21.1,5.4,1,4,3,4,2,5,4,4,4,4,5,5,5,1,3,3,5,4,2
P0185,22,Female,25.4,2.7,16.9,5.3,1,4,3,4,3,4,3,3,1,2,1,1,1,1,1,1,2,3,3
P0186,21,Female,26.3,3.9,23.1,10.4,1,2,4,2,2,2,5,3,2,3,4,2,3,2,2,1,3,3,2
P0187,21,Male,18.5,4.4,19,7.5,1,5,5,4,5,4,4,5,3,5,1,4,5,1,2,3,2,5,2
P0188,22,Male,22.1,3,23.4,7.4,1,1,5,,3,4,1,5,4,5,4,5,4,2,4,4,3,2,1
P0189,21,Female,26.2,6.3,9.2,9.6,1,5,4,4,4,4,1,2,3,2,3,2,,3,3,2,2,5,
P0190,23,Male,24.8,3.9,8,9.7,1,2,4,4,5,2,3,2,1,2,1,3,2,4,2,3,3,,5
P0191,19,Male,21.9,3.1,19.6,1.7,0,1,4,2,5,2,3,5,3,3,3,1,5,1,1,5,4,3,2
P0192,21,Female,27.1,2.2,9.9,6.3,1,3,3,5,2,3,4,5,2,2,2,4,4,5,,1,2,3,3
P0193,18,Male,18.2,5.4,30.3,11,1,4,5,5,4,5,4,,5,3,5,4,5,1,2,2,1,1,1
P0194,21,Female,25.6,3.8,21.8,5.9,1,2,4,2,3,,3,2,2,2,2,5,2,3,2,3,1,1,4
P0195,20,Male,25.8,7.1,15.5,7.6,1,1,4,1,1,,1,5,4,2,5,3,1,4,4,5,4,5,5
P0196,20,Female,18.7,4.3,24,13.1,1,4,4,5,5,5,5,5,5,5,5,5,5,2,1,4,3,2,1
P0197,20,Male,24.1,1.2,31,9.6,1,1,1,1,3,1,2,4,3,2,5,,4,4,5,,4,5,1
P0198,26,Female,22,2.1,19.9,7.8,1,1,1,2,1,1,1,1,1,4,1,2,1,2,3,5,5,5,3
P0199,22,Female,25.4,2.3,15.8,9.9,1,1,4,5,2,1,4,,2,1,1,3,1,5,5,2,3,4,2
P0200,22,Female,25.1,3.8,15.5,10.4,1,3,4,2,5,4,3,2,3,2,4,3,4,4,4,1,4,2,3
P0201,23,Male,23,2.4,12.6,5.3,1,3,3,4,4,3,2,2,3,2,5,2,3,3,4,5,5,2,4
P0202,22,Male,22.2,4.5,17.2,7.6,1,4,5,3,2,3,2,4,4,3,3,3,,4,5,1,4,3,4
P0203,21,Female,23.7,1.2,17,12.4,1,3,2,2,5,3,3,2,1,5,4,2,1,3,3,1,2,2,1
P0204,22,Female,26.7,0,12.6,8.5,1,1,2,1,1,1,1,1,4,1,2,1,1,2,4,3,3,2,4
P0205,20,Female,23.9,2.5,7,8.1,1,2,1,2,2,3,1,2,3,4,4,1,2,2,1,2,4,3,2
P0206,24,Female,19.2,7.3,26,13.4,1,5,5,4,5,5,4,4,5,4,3,4,5,1,3,2,4,1,3
P0207,21,Female,27.7,4,15,6.9,1,,2,1,1,3,4,2,2,1,1,2,1,2,2,2,2,3,4
P0208,21,Female,22,3.2,18.5,10.7,1,2,3,3,4,2,4,1,3,4,1,,1,5,5,2,4,5,3
P0209,23,Female,20,2.1,17.7,10.4,1,1,4,3,3,2,2,3,2,1,1,2,2,2,1,3,2,1,3
P0210,23,Female,22.3,7.3,21.5,14.1,1,3,3,4,5,2,5,5,4,4,5,5,5,1,3,2,1,3,2
P0211,22,Female,20.9,1.3,8.6,9.1,1,3,,4,3,3,4,1,1,1,3,3,2,,4,5,5,4,2
P0212,20,Male,24.5,5,20.2,7.5,1,3,5,3,5,3,3,1,4,4,3,3,4,3,2,4,2,2,2
P0213,21,Male,18.3,1.6,20.4,12,1,3,2,3,2,2,3,4,3,3,2,3,4,5,4,5,5,4,2
P0214,18,Male,25.1,3.5,10.8,6.6,1,4,2,5,2,4,3,4,3,1,4,2,3,5,2,4,3,1,4
P0215,20,Female,17.1,3.5,12.9,11.4,1,5,3,1,4,3,5,1,1,1,2,1,1,2,2,,2,2,5
P0216,22,Female,23.9,4.2,19.4,15.9,1,2,4,,3,5,5,4,4,5,3,5,5,2,4,3,2,1,2
P0217,24,Female,22.3,4,25.3,7.9,1,4,4,5,5,4,4,2,3,4,3,2,2,3,3,5,1,2,4
P0218,25,Female,22.6,5.3,16.3,14.3,1,5,4,5,5,4,,5,2,5,5,5,4,4,5,5,4,3,2
P0219,23,Female,19.7,7.2,16.8,7.7,1,3,2,3,4,5,3,3,3,5,5,4,3,1,1,3,1,1,2
P0220,22,Female,24.3,5.2,22.2,9.1,1,5,5,3,4,5,5,5,5,2,5,4,5,2,1,1,2,1,1
P0221,23,Male,20,3.2,26.8,6.1,1,2,2,2,3,4,3,2,,2,1,1,2,2,4,1,2,2,2
P0222,24,Female,21.6,2.3,8.3,7.5,1,1,1,2,3,1,1,1,1,1,1,2,1,5,5,5,4,5,5
P0223,21,Male,22.4,2.8,12.6,14.5,1,3,4,3,2,5,3,1,3,4,3,3,3,3,3,3,4,5,4
P0224,18,Female,24.7,3.8,20.4,11,1,2,2,2,1,1,1,5,3,2,4,,4,5,5,5,5,3,5
P0225,21,Female,23.8,4.2,25.7,7.5,1,2,1,2,2,1,1,5,2,4,4,2,1,3,1,2,2,2,3
P0226,21,Female,26.5,8,15.8,8.5,1,4,4,4,2,5,3,4,2,3,4,4,4,4,3,2,3,1,
P0227,24,Female,20.4,5,14.2,6.8,1,4,5,4,2,3,2,2,2,4,5,1,3,5,4,3,5,5,4
P0228,19,Male,25.3,1.6,8.5,4.8,1,2,2,4,2,3,2,2,2,2,2,3,2,4,4,4,4,5,3
P0229,20,Female,23.3,3.1,15.3,5,1,4,5,4,2,4,5,5,4,3,4,2,3,4,4,3,5,2,4
P0230,22,Female,23.4,5,21.4,7.5,1,3,4,2,1,4,5,4,5,5,4,5,4,4,4,3,2,4,1
P0231,25,Male,25.3,1.1,14.4,1.2,0,3,3,3,3,3,3,3,3,3,3,3,3,3,3,3,3,3,3
P0232,20,Female,22.2,1.6,21.1,6.9,1,,2,3,2,3,4,3,3,2,3,2,,,2,2,3,5,5
P0233,22,Female,23.2,6.6,24.1,7.4,1,2,4,2,4,4,,2,5,5,4,4,5,3,2,1,2,4,2
P0234,21,Male,24.2,2.9,13.2,8.2,1,5,4,3,4,2,4,,3,2,3,2,1,3,2,4,3,2,3
P0235,22,Male,23,2.6,18.4,4.5,1,1,1,1,1,1,1,,2,3,4,3,4,3,1,1,2,1,1
P0236,20,Male,23.9,2.8,22.5,2,0,3,3,5,5,2,2,2,2,1,2,2,3,2,4,1,5,1,4
P0237,19,Female,21.9,1.5,16,5.7,1,2,,1,2,,1,1,1,2,2,2,1,5,5,5,5,4,5
P0238,22,Female,18.9,6.1,20.7,9.7,1,3,3,5,5,3,4,5,5,5,3,5,5,5,4,5,2,5,4
P0239,19,Female,25.8,2.6,15.6,6.4,1,2,5,2,2,1,3,4,1,4,4,5,2,4,3,1,3,3,1
P0240,21,Female,21.5,8,27.8,5.8,1,4,5,5,5,5,5,3,5,4,5,5,4,1,1,2,3,1,1
P0241,20,Female,18.4,4.9,25.2,10.1,1,3,3,1,3,1,2,2,4,3,2,3,2,2,1,2,1,1,2
P0242,22,Female,28,3.2,20,5.1,1,2,4,2,3,1,5,4,3,2,5,4,3,3,4,2,3,2,4
P0243,22,Male,23.4,7.5,24.6,7.3,1,3,2,3,4,4,3,5,3,5,5,2,5,2,1,1,1,1,1
P0244,20,Male,20,4.9,15.3,8.7,1,2,3,1,,2,3,4,4,2,4,3,4,1,1,1,1,2,1
P0245,22,Male,26.3,2.7,17.6,10.1,1,3,5,5,3,4,5,2,3,4,2,1,2,2,1,,2,3,1
P0246,22,Female,23.8,3.6,18.3,5.9,1,1,1,3,4,1,3,2,3,1,2,3,2,1,3,3,2,1,
P0247,20,Female,19.4,3.3,26.5,9.3,1,5,3,4,3,3,4,2,2,,3,3,4,4,4,4,3,2,4
P0248,26,Male,25.1,3.7,14.9,7.8,1,1,1,2,3,1,2,1,3,2,1,1,2,4,4,3,4,4,3
P0249,23,Male,19.6,2.9,35,7.7,1,,3,1,3,5,4,5,5,,4,5,4,4,3,1,2,3,1
P0250,22,Male,18.9,1.9,11.2,10.7,1,4,5,3,5,4,4,1,3,2,2,3,2,5,5,5,5,2,4
P0251,23,Male,16.9,3.2,13.2,9.7,1,5,3,4,3,2,4,1,2,1,1,2,2,4,4,4,4,2,3
P0252,20,Female,22.3,4.1,16.4,6.9,1,2,3,1,2,2,1,1,3,4,2,3,4,1,1,,1,1,1
P0253,23,Female,29.1,1.4,17.4,1.8,0,3,3,3,3,3,3,3,3,3,3,3,3,3,3,3,3,3,3
P0254,23,Female,24.1,2.9,18.6,6.6,1,3,2,3,2,3,3,4,3,2,2,2,1,5,4,3,4,4,4
P0255,21,Male,18.8,5.8,24.3,5.8,1,4,5,3,3,4,2,5,4,5,5,3,5,2,1,2,2,4,1
P0256,22,Male,18.6,2.7,14.1,6.3,1,1,2,1,1,2,2,3,5,2,3,4,4,2,4,5,2,2,2
P0257,20,Female,26.4,3.9,12.1,8.2,1,4,1,2,3,2,4,5,4,2,3,1,3,3,3,3,4,3,4
P0258,23,Male,26.6,4.5,31.6,17.6,1,3,3,2,1,4,5,5,4,5,5,4,3,1,2,2,2,5,1
P0259,25,Male,28.2,1.8,24.3,9.6,1,1,1,1,2,1,2,2,2,1,2,3,3,1,1,2,1,2,2
P0260,18,Female,21.6,0.2,23.6,10.2,1,1,2,,1,1,1,4,3,5,5,5,3,5,3,3,5,5,5
P0261,18,Male,27.1,5.3,17.1,4,1,3,1,,2,2,4,5,2,2,1,4,2,,1,1,2,1,1
P0262,24,Female,21.6,1.6,26.2,7.7,1,4,2,5,5,5,2,3,2,3,2,5,5,3,3,4,3,1,1
P0263,22,Female,18.2,0.1,19.2,9.8,1,3,2,2,1,2,2,4,4,4,4,3,4,5,2,5,5,3,5
P0264,21,Male,23.6,2.4,15.1,5.9,1,2,3,5,3,2,,1,1,2,1,1,2,1,3,3,2,2,5
P0265,19,Male,21,3.5,24.1,7.3,1,3,1,2,1,2,2,3,3,2,4,1,5,1,4,5,2,3,3
P0266,22,Female,25.9,0,20.8,6.4,1,1,1,1,2,1,2,2,1,4,1,2,3,5,3,2,4,3,5
P0267,21,Female,18.4,4.3,18.4,7,1,2,4,3,4,2,,,3,2,1,4,5,2,1,2,2,3,4
P0268,18,Male,26.3,5.2,18,12.4,1,3,4,4,5,4,4,3,2,5,3,1,5,1,1,1,1,1,1
P0269,19,Female,20.4,3.7,26.2,7.5,1,3,3,,2,4,2,3,5,5,4,4,5,1,1,1,1,1,1
P0270,19,Male,19.2,3.7,18.7,1.9,1,4,4,4,4,4,4,4,4,4,4,4,4,4,4,4,4,4,4
P0271,22,Male,17.9,4.9,16.6,10,1,5,3,2,3,4,3,2,4,3,3,4,3,2,2,2,4,3,1
P0272,22,Female,22.3,2.6,15.5,9,1,2,5,4,3,4,3,3,4,3,2,2,4,5,5,3,4,5,4
P0273,22,Female,20.1,3.4,17.4,7.3,1,5,,1,2,3,4,2,2,3,3,4,1,4,3,4,4,3,3
P0274,19,Female,19.6,5.8,21,8.8,1,4,4,3,2,5,4,4,3,4,3,3,4,2,3,2,5,3,2
P0275,21,Male,23.5,0.1,22.1,6.5,1,4,2,5,1,4,3,4,4,,4,4,2,1,4,2,3,3,1
P0276,20,Female,19.6,5.8,20.7,9.4,1,3,4,3,2,2,3,4,5,4,4,4,5,2,4,3,1,2,4
P0277,22,Female,32.2,3.2,17.7,8,1,4,4,3,2,2,4,3,5,4,3,5,3,4,5,4,4,2,1
P0278,23,Female,22.8,0.5,21.7,10.3,1,1,2,2,1,1,3,5,5,5,5,4,4,2,4,5,3,5,4
P0279,25,Female,25.3,2.2,15.3,9.1,1,4,2,5,2,2,2,3,2,4,4,3,3,5,5,4,5,3,3
P0280,23,Female,19.8,2.7,10.9,6.1,1,2,3,3,3,2,2,3,3,1,4,2,3,5,4,5,5,5,2
P0281,20,Female,21.4,2.3,18,8.2,1,4,4,3,3,4,1,2,4,5,2,2,4,2,2,2,2,1,2
P0282,22,Female,25.2,4,19.7,7.4,1,1,2,4,5,3,3,4,5,5,4,5,5,1,1,1,1,1,1
P0283,23,Female,22.6,1.3,17.2,9.8,1,1,3,,,3,1,1,3,3,4,3,1,5,5,5,5,5,4
P0284,20,Female,23,5.4,13.7,12.1,1,4,4,3,3,2,4,2,2,3,,2,3,3,3,5,3,2,4
P0285,22,Male,23.2,4.6,25.4,9.7,1,3,2,1,3,2,3,4,4,4,5,4,3,1,4,2,4,4,4
P0286,18,Male,19.8,2.6,13,11.3,1,2,2,2,2,3,2,3,5,3,4,4,2,3,4,5,5,3,3
P0287,24,Female,24.5,0,19.3,5.9,1,2,3,3,4,2,3,4,,3,5,4,3,4,5,5,5,5,5
P0288,23,Female,25.8,2.4,16.4,8.3,1,3,4,2,2,1,2,3,1,2,2,3,2,4,4,3,5,3,5
P0289,21,Female,25,5.8,26.7,6.7,1,5,5,3,1,5,5,4,4,4,3,,5,2,3,2,2,4,2
P0290,18,Male,23.3,0,22.7,2.5,0,1,1,4,1,3,1,5,1,3,5,4,5,1,2,1,1,2,4
P0291,20,Male,26.9,5.4,15.8,8.6,1,4,4,3,5,4,3,1,2,3,1,3,3,,1,1,1,1,1
P0292,21,Male,18.1,0,19.1,9.5,1,1,1,1,1,1,3,4,4,2,3,5,1,1,4,2,4,5,4
P0293,19,Female,18.6,6,31.1,6,1,3,1,1,3,5,3,5,5,5,5,5,5,3,,1,3,2,1
P0294,21,Male,27,2.9,27.2,9.4,1,5,5,5,2,2,5,4,4,4,5,5,5,5,5,5,5,5,3
P0295,22,Male,23.8,3,17.3,7.8,1,2,3,2,4,3,4,3,5,4,5,5,4,5,1,2,4,2,5
P0296,23,Female,19.9,3.9,23.9,2.4,0,2,2,2,3,2,5,3,1,1,5,1,1,2,2,3,1,3,4
P0297,20,Male,21.2,3.8,17.3,8.9,1,3,4,,3,2,4,2,3,3,1,1,2,4,5,4,2,2,4
P0298,23,Female,19.3,1.3,16.6,5.2,1,1,2,3,5,2,2,1,1,1,2,2,3,1,2,2,2,4,2
P0299,20,Male,24.3,3.8,14.3,7.2,1,2,3,4,5,5,4,3,4,3,2,5,3,2,4,4,4,4,4
P0300,21,Male,20.3,3.1,14.7,11.3,1,4,4,5,4,5,4,2,1,2,3,3,3,,5,3,4,5,5
P0301,24,Female,27,1.9,21.2,7.5,1,,1,2,2,2,1,2,3,3,4,3,4,2,2,,3,3,3
P0302,22,Female,23.1,3.4,19,11.3,1,3,4,5,1,3,2,3,5,4,4,2,1,3,4,4,,4,3
P0303,24,Female,28,0.4,10.7,8.3,1,5,2,3,4,3,3,1,1,2,1,1,1,5,5,4,4,4,5
P0304,19,Male,20.9,2.6,20.1,6,1,4,5,3,5,4,4,3,4,4,4,4,3,2,3,3,1,1,1
P0305,20,Female,21.8,0.7,20,10.5,1,2,4,3,2,2,2,2,5,3,2,2,,2,5,4,5,3,5
P0306,21,Female,23.6,2.8,17.7,12.4,1,3,2,2,3,1,3,4,1,1,1,2,2,1,2,2,3,1,2
P0307,20,Male,20.5,0,21.8,8.9,1,3,1,1,3,1,2,4,3,4,2,4,3,5,5,4,2,1,4
P0308,18,Male,27.5,9.1,26.1,12,1,3,2,5,5,5,3,4,3,3,4,5,3,2,2,1,3,2,3
P0309,24,Male,23.2,3.5,12.8,7.4,1,4,3,3,5,4,4,1,1,2,1,1,1,1,2,1,1,1,1
P0310,20,Male,25.2,3.2,23.5,2.8,0,1,4,1,4,2,3,2,5,1,5,1,5,4,3,2,2,1,5
P0311,18,Male,20.1,0,7.7,6.3,1,2,4,4,1,2,3,1,1,1,1,3,2,5,,5,3,5,5
P0312,21,Female,21.4,0,10.1,8.8,1,1,5,1,5,4,2,1,1,1,,2,1,2,1,1,2,1,3
P0313,22,Male,18.4,4,27.2,12.1,1,2,5,3,2,4,5,5,5,5,5,5,5,4,2,3,2,4,2
P0314,21,Female,23.2,6.8,20,10.4,1,5,5,2,5,5,5,5,3,4,3,,3,5,4,,3,5,3
P0315,21,Female,23.1,0.7,18,6.1,1,2,1,1,1,1,1,1,2,2,2,1,1,5,5,4,5,4,4
P0316,19,Female,26.3,0,6.3,10.5,1,1,3,2,2,4,3,1,1,1,1,1,2,5,5,4,5,5,5
P0317,22,Female,23.5,2.6,17.1,5.8,1,1,1,1,3,1,1,1,2,3,3,2,2,3,3,1,5,5,4
P0318,23,Female,19.9,0,4.8,9.7,1,1,1,2,1,1,2,2,2,1,1,2,1,2,5,2,5,2,4
P0319,20,Female,30.9,4.2,21.6,9.8,1,2,4,5,3,4,3,4,2,4,3,1,2,4,3,2,2,2,1
P0320,23,Female,27.6,2.6,14.6,5.9,1,2,4,3,3,5,4,3,2,5,4,3,2,2,1,4,4,4,4
P0321,21,Female,26.5,2.3,21,9.5,1,5,5,5,4,5,4,5,5,5,5,3,5,3,5,3,4,3,5
P0322,23,Female,21.7,3.1,16,12.3,1,2,3,2,1,2,2,4,4,4,2,5,3,2,,2,4,4,1
P0323,20,Female,19.5,2.5,7,5.8,1,1,2,2,1,1,1,2,4,3,1,4,2,,,4,4,3,1
P0324,18,Male,16.1,6.3,17,12,1,5,3,4,4,5,4,5,4,4,5,5,,,1,2,3,2,1
P0325,21,Female,17.9,5.4,19.6,11.9,1,4,5,3,5,4,4,3,5,4,5,5,4,3,3,3,4,1,3
P0326,24,Female,27.3,1.9,20.2,3.7,1,3,3,5,2,3,2,4,5,5,2,2,4,4,3,3,2,2,1
P0327,19,Male,22.9,6.3,24.6,7.8,1,4,4,2,4,2,5,4,3,5,1,2,,2,3,2,4,3,3
P0328,21,Female,21,1.4,9.9,8.9,1,1,4,3,4,4,2,2,1,2,1,1,5,1,2,3,1,3,1
P0329,21,Female,21.1,7.1,21.1,12.6,1,3,2,3,1,3,2,2,,2,4,2,4,2,3,1,1,4,2
P0330,24,Male,22,5.4,20,9.6,1,3,3,3,3,2,5,2,4,3,5,4,3,1,1,1,1,1,1
P0331,20,Female,19.3,0,4.8,11.6,1,1,3,1,1,1,1,1,1,1,1,1,1,3,4,3,2,5,4
P0332,20,Female,21.6,2.6,17,13.3,1,4,3,3,5,2,2,2,3,2,2,2,3,2,2,3,3,2,2
P0333,21,Female,23.4,2.6,12.7,3.7,1,4,2,4,2,4,1,2,2,2,3,2,4,3,5,5,5,5,3
P0334,20,Female,21.3,1.1,12.9,8.9,1,3,2,3,4,3,4,1,2,2,4,2,3,2,4,5,4,5,1
P0335,22,Male,24.4,0.9,12,14.9,1,2,4,1,4,4,3,2,1,2,1,2,2,5,4,5,4,4,3
P0336,20,Female,25.5,4.8,24,15,1,2,4,3,1,3,4,5,3,4,4,4,5,4,4,5,4,2,2
P0337,23,Female,22.3,2.8,17.9,7,1,4,4,4,5,,5,3,3,3,3,1,3,3,5,1,2,3,3
P0338,23,Female,23.8,0.7,10.2,13.1,1,1,2,3,4,1,3,2,1,2,2,4,2,5,5,2,4,5,3
P0339,22,Female,20.6,2,23.4,7.5,1,1,1,1,3,2,3,5,5,4,5,5,2,1,1,2,2,1,2
P0340,22,Male,23.5,2.4,23.4,9.6,1,1,2,2,1,,3,5,4,5,5,5,3,4,3,5,4,3,2
P0341,20,Male,26.5,4.2,25.5,11.5,1,4,1,3,3,4,2,4,3,4,5,3,3,3,1,2,1,2,3
P0342,22,Female,24.2,1.9,17.1,7.7,1,2,2,,1,1,2,4,3,3,4,2,5,3,2,2,2,2,2
P0343,20,Male,20.3,4,16.3,12.8,1,5,5,5,4,5,5,5,5,4,5,2,4,1,4,2,2,3,1
P0344,18,Female,22.4,2.3,9.4,11.4,1,4,5,2,2,5,4,1,1,3,1,3,,2,1,4,4,4,4
P0345,28,Female,23.9,1.2,13.6,6.8,1,2,3,4,3,1,3,1,2,1,2,1,1,4,4,2,4,2,2
P0346,22,Male,23.8,1.7,21.1,12.4,1,3,4,2,3,,5,5,4,3,5,5,5,3,4,3,4,3,4
P0347,24,Female,19.4,5.9,23.4,8.6,1,3,2,2,2,1,3,3,4,5,5,5,3,4,4,2,4,2,2
P0348,19,Female,26.1,8.1,16.2,5.7,1,5,5,5,,4,5,3,3,3,5,3,4,3,3,2,4,4,4
P0349,21,Male,19.6,3.4,19.8,6,1,2,3,2,2,1,2,4,2,3,5,5,3,4,3,5,2,,3
P0350,20,Female,22.8,7.1,12.1,11.2,1,5,5,2,4,4,4,4,2,4,2,2,2,3,3,1,1,2,1
P0351,22,Female,21.2,5.2,29,6.9,1,2,,3,2,4,4,5,5,5,3,2,2,1,1,2,2,3,1
P0352,20,Female,20.9,0.7,21.9,10.9,1,1,1,1,2,3,3,1,3,1,3,2,2,3,2,2,3,4,3
P0353,20,Male,27.1,5.9,29.6,4.9,1,3,3,4,3,3,5,5,5,5,5,5,5,1,1,1,1,1,1
P0354,19,Male,18.1,0.6,21.7,9,1,3,,4,2,2,1,3,3,5,5,3,3,4,4,4,1,5,3
P0355,20,Male,16,0,10.9,11.1,1,5,2,5,1,2,4,1,1,3,1,1,1,4,5,4,3,5,4
P0356,22,Male,23.7,0,20.2,7.6,1,2,2,2,2,3,2,3,,1,4,4,2,5,2,4,2,4,4
P0357,25,Female,22.5,7.2,14.7,5.9,1,3,3,4,1,4,4,1,3,1,3,2,3,3,5,4,5,4,5
P0358,21,Male,19.7,0,21.1,8.3,1,1,1,1,1,1,1,3,3,3,1,5,1,2,3,3,1,3,3
P0359,18,Female,19.8,0,5.8,9.6,1,1,1,2,1,1,4,1,1,1,3,4,2,2,2,4,2,,2
P0360,22,Female,19.5,3.4,21.6,7.2,1,,1,2,2,5,2,2,5,4,3,4,2,3,3,4,2,2,4
P0361,18,Male,21.9,5.8,22,9.2,1,3,4,2,1,1,5,4,3,3,3,3,5,1,1,1,1,1,1
P0362,20,Male,24.8,0,11.9,7,1,,1,1,2,2,1,1,1,1,1,1,1,4,,4,4,4,4
P0363,18,Female,24.1,1.5,14.6,12.8,1,,2,1,2,1,1,2,3,1,1,3,2,5,3,5,3,5,3
P0364,23,Female,23.7,1.1,16.2,5.2,1,2,2,3,3,3,1,2,1,2,3,5,3,5,5,5,5,5,3
P0365,21,Female,25.1,4.1,13.4,17.6,1,3,2,4,4,4,4,4,2,4,3,4,2,3,1,2,1,2,1
P0366,22,Female,21.4,4.7,21.7,12,1,5,4,3,4,3,4,5,3,,2,4,3,2,1,2,2,3,3
P0367,18,Male,26.7,2.6,19.9,5,1,3,3,4,3,2,4,4,5,2,2,4,5,5,5,5,4,5,5
P0368,24,Female,17.6,1.3,7.3,10.9,1,5,2,5,4,5,2,2,2,3,3,3,4,3,5,4,4,5,2
P0369,21,Male,27.1,3.8,15.6,13.5,1,5,5,4,,3,5,1,1,2,1,2,3,1,1,1,2,1,1
P0370,22,Male,23.5,5.7,12.3,5.4,1,4,3,2,3,3,3,3,3,2,5,3,3,2,1,1,3,1,1
P0371,20,Male,23.2,2.7,17.2,7.9,1,3,1,3,2,2,3,5,5,5,5,5,5,4,4,4,3,5,5
P0372,22,Male,24,7.5,17.8,11.3,1,4,5,3,5,5,5,4,4,3,5,3,1,5,2,4,5,4,2
P0373,23,Female,24.7,4,7,8.1,1,4,5,2,5,4,5,4,4,1,2,1,3,2,3,3,3,2,1
P0374,22,Female,21,0.3,3.7,10.2,1,1,1,3,2,1,1,1,1,1,1,1,1,3,3,3,3,3,3
P0375,19,Female,24.3,6.6,24.7,8.8,1,4,5,1,4,4,,5,5,5,4,4,4,1,1,1,1,1,1
P0376,21,Female,25.7,3.9,7.7,6.3,1,2,2,4,2,4,2,1,4,1,1,1,1,2,3,2,2,3,2
P0377,22,Female,24.3,2.7,17.2,10.2,1,2,2,2,1,3,1,3,2,,4,1,5,1,1,1,1,1,2
P0378,18,Male,22.1,0.8,11.8,8.7,1,1,2,1,3,1,1,,1,1,3,1,1,4,5,3,5,5,4
P0379,23,Female,24.6,3.8,22.4,16,1,3,4,2,3,2,2,5,2,3,4,3,4,4,3,4,,5,5
P0380,22,Female,27.1,2.5,25.2,10.4,1,1,4,3,1,1,2,5,4,5,3,2,4,2,3,3,1,2,1
P0381,20,Male,23.5,3.2,13.9,1.8,0,2,2,2,2,2,2,2,2,2,2,2,2,2,2,2,2,2,2
P0382,19,Female,21.8,3.5,21.7,7.6,1,,4,4,4,3,5,1,3,2,3,2,4,3,1,1,1,2,3
P0383,19,Female,25.1,3.4,11.9,11.6,1,3,2,3,1,2,2,2,1,1,2,,1,3,3,1,2,5,1
P0384,20,Female,19.6,3.7,14,11.1,1,1,2,3,3,1,2,1,3,4,2,2,3,1,3,1,3,2,2
P0385,23,Male,26.1,3,15.5,6,1,,,1,1,1,3,,2,5,2,2,2,2,,5,1,3,1
P0386,22,Female,22.8,0,13.8,9.6,1,4,2,4,4,2,2,5,2,1,3,2,1,4,5,5,5,5,5
P0387,22,Female,19.7,6.1,11.9,9.4,1,4,5,3,4,2,3,4,4,5,5,5,3,1,3,1,3,2,1
P0388,19,Male,24.3,0,20.4,13.2,1,4,4,5,5,5,3,1,1,3,2,4,5,5,4,5,4,5,4
P0389,24,Female,20.6,0,21,9.2,1,1,1,1,1,1,1,5,3,5,3,4,2,3,2,4,2,2,2
P0390,20,Male,20.8,1.9,21.5,9.8,1,3,5,,4,5,2,4,4,4,5,2,4,4,3,2,4,2,4
P0391,22,Female,21.1,1.7,13.2,4.9,1,1,1,1,1,1,1,1,3,1,1,2,1,3,3,5,3,3,5
P0392,24,Female,26.3,5.5,29.6,9.8,1,5,5,4,4,5,5,5,3,,5,4,4,1,1,2,,2,1
P0393,20,Female,21.9,0,15.7,12.8,1,1,1,2,4,1,1,1,1,1,2,3,1,3,4,5,5,5,
P0394,19,Male,26.2,2.8,21.9,7.9,1,4,4,2,2,3,5,4,1,2,2,4,2,3,,3,1,3,1
P0395,21,Female,25.3,4,18,5.8,1,5,2,2,5,3,1,2,1,1,2,2,1,5,4,3,3,3,2
P0396,20,Female,29.5,4.1,11.2,10.6,1,1,3,1,1,1,1,1,5,3,2,1,1,4,4,5,5,4,4
P0397,21,Female,27.5,4.3,24.8,15,1,5,3,5,3,5,3,4,4,4,5,2,2,4,4,5,2,3,5
P0398,23,Male,22.3,3.2,18.8,5.9,1,2,3,3,3,2,4,,4,3,2,2,3,2,4,2,2,1,2
P0399,19,Female,19.2,4.9,29,7.3,1,4,3,3,,1,3,5,5,5,5,,5,3,2,1,3,2,
P0400,20,Female,20.2,4.7,16.3,7.9,1,3,2,2,3,2,2,3,3,2,2,3,2,5,5,5,5,5,1
P0401,28,Female,22.1,5.7,26.9,12.3,1,3,5,3,3,4,4,5,4,2,4,4,4,1,1,1,1,2,1
P0402,20,Male,25.7,4.1,19,6.6,1,5,4,5,5,4,5,1,1,2,3,1,,1,1,1,2,1,2
P0403,22,Female,20.8,0.4,16.1,11,1,1,3,1,2,1,2,4,3,4,3,4,3,5,5,5,4,,5
P0404,23,Male,18,2.6,14.7,12.4,1,2,1,2,3,2,2,4,3,5,3,2,4,2,2,3,4,4,3
P0405,24,Female,23.9,2.3,18.9,8.7,1,2,1,1,1,2,2,2,2,2,3,2,2,4,4,3,3,3,4
P0406,25,Female,22.6,0,17.5,10.6,1,1,2,4,1,1,3,1,1,1,1,1,1,5,5,4,,5,4
P0407,25,Male,20.5,4.8,20.2,11.5,1,5,5,5,4,3,4,5,3,2,5,5,5,1,1,1,1,2,1
P0408,22,Female,26,7.9,19.6,7.9,1,4,5,5,3,5,1,2,5,3,,1,4,1,2,2,1,2,2
P0409,18,Female,20.7,0.9,17.2,7.4,1,5,4,4,5,2,5,3,1,3,3,5,2,4,4,3,4,2,3
P0410,18,Female,25,0,9.5,19.6,1,4,3,2,2,,2,1,1,1,1,1,1,4,,4,4,4,
P0411,23,Male,27.8,4.7,25,10.8,1,1,1,2,2,2,2,5,5,5,5,4,5,2,3,1,4,1,1
P0412,23,Female,27.2,0.8,10.7,7.4,1,1,4,2,4,3,3,3,1,1,2,2,1,4,3,3,3,5,2
P0413,22,Female,23.9,5.7,23.4,7.2,1,3,3,4,5,,2,4,5,3,5,1,5,4,1,4,4,3,2
P0414,21,Male,24.7,4.8,15.4,9.2,1,5,5,4,5,5,5,4,5,2,2,3,5,3,3,4,3,2,5
P0415,21,Male,19.4,1.6,16.1,7.9,1,2,2,3,3,3,4,2,1,1,2,2,2,1,2,1,1,1,5
P0416,22,Male,26.8,3.4,18.2,7.5,1,4,4,3,4,4,3,2,3,1,3,2,2,3,2,3,2,1,2
P0417,22,Female,21.1,5,19.9,7.9,1,5,4,5,4,4,4,3,3,1,2,3,2,1,1,1,1,1,3
P0418,22,Male,20.1,2.7,22.9,8.7,1,5,4,4,5,4,3,2,,5,4,4,4,3,4,1,4,3,1
P0419,19,Male,23,3.5,22.8,8.7,1,2,3,2,,1,4,4,4,,5,2,4,2,2,1,4,4,4
P0420,20,Female,17.6,2.9,24.8,6.7,1,1,4,2,2,1,2,4,4,4,5,2,2,3,2,2,2,2,3
P0421,20,Male,24.9,0.2,17.6,8.5,1,3,2,3,3,3,4,3,3,5,2,5,4,1,1,1,1,2,1
P0422,21,Female,24.1,0.2,19.7,7.4,1,1,2,1,1,2,3,3,2,3,5,3,2,1,1,1,1,2,1
P0423,21,Female,26.3,4.9,24.2,5.3,1,2,2,3,2,2,5,5,3,5,4,4,5,1,1,1,1,2,2
P0424,20,Male,18.7,0.8,18.5,10.2,1,1,2,1,1,2,2,1,3,2,1,1,1,,2,2,3,1,5
P0425,24,Male,25.1,2.1,11.4,13.1,1,3,2,4,4,3,2,5,4,3,2,3,5,4,4,5,1,5,3
P0426,22,Female,23.4,5.1,25,1.5,0,3,3,3,5,3,1,5,1,5,3,3,5,1,4,2,3,3,5
P0427,20,Male,24.2,3,12.2,7.8,1,2,3,2,3,2,,2,1,1,1,2,3,1,2,4,1,1,2
P0428,23,Female,23.5,0,8,13.5,1,1,2,2,1,1,1,3,4,2,3,3,2,4,5,5,4,5,5
P0429,21,Female,20.8,2.8,16.7,5.5,1,3,4,5,4,4,2,3,3,4,2,3,3,2,2,2,5,3,1
P0430,19,Male,21.1,0.8,15.6,10.7,1,,1,2,1,4,2,3,1,2,1,1,1,,2,2,,2,1
P0431,20,Female,20.8,0,17,2,0,5,1,2,2,2,3,1,3,3,5,2,1,5,5,2,2,1,1
P0432,22,Female,20.1,2.4,22.8,9.8,1,3,2,2,5,4,3,4,5,4,5,3,4,1,1,1,1,2,4
P0433,21,Female,20.2,5.9,26.5,8.5,1,4,4,3,5,5,5,5,5,5,5,5,5,1,3,3,2,1,3
P0434,23,Female,23.9,4.6,26,7.9,1,,,3,2,2,2,5,5,4,,5,4,4,2,4,5,5,3
P0435,24,Male,25,4.5,20.9,8.5,1,3,4,2,4,3,4,5,4,4,5,2,5,3,3,1,2,4,4
P0436,18,Male,20.6,0.5,11,8.8,1,2,1,4,3,1,1,2,2,2,1,2,1,5,5,5,5,2,5
P0437,20,Male,22.4,2.3,26.3,9.6,1,3,2,4,3,2,2,5,2,2,3,5,5,4,4,5,4,5,1
P0438,19,Male,27.9,0,18.4,9.1,1,1,1,1,1,1,2,2,1,2,2,2,1,4,4,5,3,5,3
P0439,24,Female,19.5,0,14.1,2,0,1,2,4,4,2,5,5,2,3,5,3,5,4,5,5,1,2,3
P0440,21,Male,21.1,7.9,20.7,19.8,1,5,3,5,4,5,4,3,2,5,2,3,2,2,3,1,3,2,1
P0441,19,Female,18.5,3.5,18.6,12.3,1,5,5,4,,3,5,3,4,2,2,3,3,2,1,1,2,1,1
P0442,23,Male,20.1,1.9,20.9,10.6,1,2,3,5,2,3,4,4,5,4,3,3,4,3,3,2,2,5,3
P0443,22,Female,21.6,4.1,13.6,8.3,1,4,4,4,5,5,5,1,1,1,2,2,1,3,4,5,4,3,4
P0444,22,Female,25.2,0.9,15.4,10,1,2,1,3,3,,1,3,2,2,2,3,3,4,3,5,5,5,4
P0445,19,Male,25.3,6.3,18.6,10.4,1,3,3,4,5,1,4,2,2,3,3,2,1,2,4,3,3,4,1
P0446,21,Female,23.9,0.3,19.6,9,1,1,1,4,2,1,1,2,5,1,2,2,1,2,2,2,3,2,
P0447,24,Female,22.3,7.5,30.6,2.7,1,2,2,2,2,2,2,2,2,2,2,2,2,2,2,2,2,2,2
P0448,20,Female,23.2,1.4,25.7,7.3,1,4,3,3,2,2,3,5,5,,1,5,5,5,3,5,5,3,2
P0449,20,Female,26.4,5.8,19.6,9.3,1,3,1,3,4,2,1,2,3,3,1,1,3,2,1,3,1,2,4
P0450,22,Male,23,1.2,0,3,0,2,5,3,3,3,3,5,4,3,1,4,1,2,4,2,2,5,2
P0451,22,Male,25.3,5.1,20.8,11.1,1,3,4,4,3,3,2,3,4,2,1,3,5,2,2,4,2,1,4
P0452,23,Female,20,6.1,13.3,7.5,1,5,2,4,4,5,4,2,1,4,4,3,4,3,2,1,4,5,4
P0453,18,Male,19.4,3.3,15.7,4.5,1,4,2,4,3,4,2,1,4,1,3,4,2,2,2,3,2,3,
P0454,20,Male,24,0.8,21.2,5.2,1,3,2,4,2,,5,3,4,5,4,5,4,5,3,4,4,1,1
P0455,19,Female,20.2,5,25.4,9.3,1,4,3,4,2,4,3,4,5,2,4,4,5,1,1,1,1,1,1
P0456,19,Male,24.4,6.7,25.4,6.9,1,3,2,2,4,3,4,2,3,2,2,4,2,2,1,1,2,1,1
P0457,21,Male,24.8,5.2,25.3,2,1,1,1,4,2,1,1,1,5,2,4,2,4,1,1,3,5,5,4
P0458,18,Male,25.1,4.8,20.2,9.3,1,4,4,5,4,4,5,4,4,5,2,4,5,2,1,1,1,1,1
P0459,21,Female,20,4.2,18.6,7.8,1,3,4,3,3,3,4,3,3,3,2,1,5,1,3,1,2,,2
P0460,21,Male,18.8,8.3,34.8,5,1,4,5,5,5,5,5,5,,5,5,5,5,1,1,1,1,1,1
P0461,23,Female,21.9,3.9,17.8,22.1,1,1,3,2,3,4,3,3,3,4,4,1,5,3,1,1,3,4,4
P0462,21,Male,26.6,6.2,27.6,6.2,1,3,3,5,5,3,3,5,4,2,4,2,4,3,1,1,1,1,3
P0463,24,Male,27.7,6.7,11.8,5.5,1,5,5,,5,5,4,3,3,4,2,3,,2,1,3,2,1,3
P0464,22,Male,26,6.7,16.6,6.9,1,5,5,3,2,4,5,2,2,2,2,3,2,2,1,3,2,2,4
P0465,21,Female,20.5,4.3,19.6,7.3,1,5,4,4,2,4,4,4,4,4,5,5,4,3,2,3,4,3,2
P0466,24,Male,20.2,4.9,20.1,1.8,0,2,5,3,5,1,1,5,2,4,3,5,1,5,3,3,5,4,5
P0467,23,Female,25.7,1.6,10.5,6.6,1,1,2,1,2,3,1,1,1,1,1,1,2,3,5,5,5,5,4
P0468,22,Female,21.1,3.6,18.8,6,1,1,1,2,1,1,2,1,2,1,1,2,2,1,3,4,1,2,1
P0469,22,Male,21.8,7.1,23.9,14.4,1,5,4,5,5,5,2,5,5,3,5,5,4,1,1,1,,2,3
P0470,20,Male,23.2,4.4,25.2,10.6,1,4,3,5,3,4,4,5,,4,5,5,4,2,3,1,2,2,2
P0471,23,Male,29.2,3.6,15.5,11.1,1,2,4,2,2,5,,4,3,4,4,4,3,5,4,3,2,5,4
P0472,23,Male,19.5,0,19.9,9,1,1,2,1,1,2,1,1,3,2,1,,1,3,5,5,3,4,5
P0473,24,Male,23.2,4.3,12.2,13.5,1,2,4,5,1,2,,2,3,2,3,4,2,4,5,5,3,2,5
P0474,18,Female,27.5,0.2,9.2,9.4,1,4,2,1,4,2,2,1,1,3,1,1,1,2,1,3,4,4,5
P0475,21,Male,24,0,10.3,6.5,1,1,3,1,3,1,1,1,3,3,1,2,1,4,5,5,3,5,5
P0476,21,Male,16,4,23.9,8.6,1,4,4,4,4,4,5,4,2,3,2,3,3,2,3,2,1,1,2
P0477,19,Female,19.6,4.6,23.8,6.9,1,3,4,2,5,5,5,4,3,2,5,3,4,5,3,3,2,5,3
P0478,25,Female,24.9,5,16.6,12.6,1,5,4,5,5,5,5,1,1,2,2,3,4,1,1,1,1,1,2
P0479,22,Male,17.4,3.3,12,13.6,1,1,1,1,1,1,1,,1,1,4,5,1,,5,5,4,5,5
P0480,24,Female,19.5,0,22.5,16.1,1,1,1,2,1,1,1,3,4,2,,4,1,2,3,4,3,3,2
P0481,21,Female,16,2,12.5,6,1,2,5,4,1,2,5,3,5,5,2,5,5,2,1,1,,4,2
P0482,20,Male,19.9,6.2,21.1,5.1,1,1,2,3,5,2,4,5,5,5,5,5,4,1,1,1,,1,1
P0483,21,Male,26.8,2.7,17.5,6.6,1,2,3,2,4,3,4,2,4,4,3,3,1,4,3,4,4,4,4
P0484,21,Female,17.9,2.2,16.9,5.7,1,1,2,1,2,2,1,2,2,1,1,2,1,4,4,4,3,2,3
P0485,22,Male,22.5,4.9,19.6,10.7,1,5,5,4,5,5,5,3,2,4,4,4,4,3,3,2,2,2,3
P0486,21,Male,18.2,5.5,25.9,12.7,1,5,5,3,5,5,5,4,3,5,3,5,4,2,1,1,4,2,2
P0487,21,Female,23.2,4.8,19.3,13,1,4,4,4,5,4,3,4,2,4,3,5,5,3,3,2,2,1,1
P0488,20,Male,25.8,6.6,16.1,5.6,1,5,4,5,3,5,3,2,3,4,1,3,3,,1,3,1,2,1
P0489,22,Female,21.4,1.3,14.6,6.8,1,1,1,2,1,1,1,3,3,1,4,4,4,5,5,5,4,5,4
P0490,24,Male,24.7,0,14.9,6.2,1,1,3,3,1,1,2,2,1,1,1,1,1,4,5,4,4,4,5
P0491,23,Male,24.1,6.7,29.3,13.5,1,5,5,4,4,5,5,5,5,3,4,5,4,2,1,1,1,2,1
P0492,22,Female,25.7,3.8,17.7,7.9,1,4,3,3,1,4,4,4,3,3,4,3,3,3,5,5,5,3,5
P0493,23,Male,26.7,0.1,16.9,1.3,0,2,2,2,2,2,2,2,2,2,2,2,2,2,2,2,2,2,2
P0494,24,Male,22.8,7.2,29.5,6.9,1,3,5,3,3,4,5,3,5,5,5,5,5,4,1,1,3,1,2
P0495,22,Female,16.5,1.5,11.7,5.3,1,3,1,2,2,3,2,1,3,2,1,4,2,3,3,2,4,3,4
P0496,21,Male,26.7,2,14.1,8.4,1,1,1,2,1,3,5,3,4,3,3,2,2,4,5,4,4,4,4
P0497,18,Female,28,9,19.5,7.2,1,4,4,3,3,5,5,4,2,5,4,1,5,2,4,3,1,3,5
P0498,21,Female,21.3,0.2,17.3,7.9,1,1,1,1,2,1,2,2,1,2,1,1,1,4,4,4,2,5,3
P0499,20,Female,23.8,3,19,11.3,1,3,2,3,1,2,2,3,2,3,5,3,2,4,4,3,3,2,3
P0500,22,Female,28.5,2.7,22,10.6,1,1,1,1,1,1,1,2,4,4,2,3,1,4,5,3,4,4,1
P0501,21,Male,25.9,4.4,27.6,10.9,1,5,3,5,,5,5,5,5,5,3,3,4,3,3,2,3,5,5
P0502,22,Female,20,4.6,9.6,8.5,1,4,4,4,5,3,3,2,3,2,,1,3,1,1,1,2,1,3
P0503,21,Female,21.8,1.1,13.3,8.2,1,3,2,3,2,2,2,1,4,4,5,2,5,2,2,4,2,4,3
P0504,22,Male,24.1,5.5,22.4,8.2,1,4,3,4,5,3,3,4,5,5,4,5,3,2,2,,2,3,5
P0505,21,Female,21.7,3,20.9,9.1,1,1,1,1,2,1,3,5,5,5,5,5,2,4,4,5,4,2,2
P0506,21,Female,21.8,0,14.8,8.5,1,3,3,2,2,1,2,1,2,4,4,3,2,4,1,2,1,3,2
P0507,19,Male,22.4,4.1,14.1,10,1,1,3,2,4,3,1,4,1,2,4,3,2,1,1,1,1,2,3
P0508,20,Female,22.1,1.1,11.7,9.3,1,4,4,3,4,3,3,1,2,1,4,3,1,4,1,4,3,2,4
P0509,20,Female,25.1,3.2,18.2,12.2,1,3,4,,5,3,3,3,4,4,2,4,4,5,5,3,5,,3
P0510,22,Male,19.1,4.6,14.7,7.1,1,5,3,3,5,4,5,1,4,2,1,3,4,1,2,2,1,2,1
P0511,21,Female,22.7,4.2,20.7,8,1,2,1,4,2,,5,4,5,3,2,4,2,2,2,2,5,3,1
P0512,22,Female,21.5,4.6,24.5,9.8,1,4,3,4,4,3,5,5,5,,5,5,5,1,1,1,2,2,1
P0513,22,Female,23.2,2.4,14.2,7.7,1,3,4,1,4,3,3,1,2,3,2,2,2,4,3,3,4,4,3
P0514,22,Female,26.1,5,15.3,14.3,1,2,3,3,2,1,2,1,1,3,2,3,2,3,1,3,3,3,3
P0515,23,Female,23.9,6.3,23.4,6.7,1,4,5,4,4,4,5,5,4,5,5,4,5,3,1,3,4,3,3
P0516,22,Female,27.2,2.8,18.7,8.2,1,1,1,3,2,1,1,2,3,3,2,4,2,4,2,2,3,5,3
P0517,24,Female,24.4,1.4,19.6,6.6,1,4,2,2,2,1,1,3,3,3,2,4,2,5,4,2,4,2,5
P0518,22,Female,21.9,4.1,25.2,12.5,1,1,1,1,3,1,4,4,5,3,2,5,2,1,2,4,2,1,1
P0519,24,Female,29.3,2.1,18.3,8.6,1,3,,4,1,3,2,3,3,5,3,3,2,4,5,5,2,3,1
P0520,21,Female,21.2,3.3,18.1,10.5,1,2,4,1,2,4,2,2,2,1,2,2,1,,5,2,4,3,4
P0521,20,Female,17.4,0,16.7,12.8,1,1,1,1,,1,1,3,4,4,3,2,5,4,2,3,3,3,
P0522,21,Female,22,6.1,19.9,5.2,1,4,5,2,2,4,1,3,5,3,5,3,3,2,3,4,1,2,2
P0523,22,Female,19.5,1.4,22.8,7,1,2,3,2,2,1,2,,5,4,3,,5,5,5,4,5,5,5
P0524,22,Female,22.5,1.1,14.8,9.7,1,2,3,2,1,3,2,5,4,3,5,4,5,3,4,3,5,5,4
P0525,22,Female,22.6,3.5,21.1,7.5,1,3,1,2,2,1,1,2,3,4,3,4,3,2,2,2,2,5,4
P0526,24,Male,30.2,4.4,12,6.4,1,5,5,2,4,5,5,3,1,2,3,2,2,4,2,2,3,4,4
P0527,18,Male,28,3.1,13.3,5.7,1,3,3,4,1,3,1,1,2,1,1,1,1,2,2,2,3,2,
P0528,19,Female,30.5,5.6,17.4,8.8,1,2,1,4,4,3,3,4,,2,3,4,2,1,1,2,1,1,1
P0529,21,Female,22.1,1.3,11,15,1,2,1,3,2,3,2,1,1,2,2,1,1,1,1,1,2,1,1
P0530,20,Female,23.1,8.2,24.2,16.3,1,4,4,5,4,5,4,4,5,5,5,5,5,2,1,3,4,1,3
P0531,24,Male,22.5,2.8,15.9,11,1,2,3,2,4,1,2,4,5,2,5,3,3,1,2,3,2,1,1
P0532,21,Male,22,4.4,10.2,14.1,1,3,3,,3,2,2,1,2,1,1,1,1,4,4,3,5,4,5
P0533,21,Female,20.2,4.9,25.9,9.3,1,5,5,5,3,5,5,5,3,5,5,4,,3,4,4,3,2,2
P0534,23,Male,23.2,4.1,15.7,11.6,1,1,2,1,2,4,1,5,3,3,5,,4,2,4,3,3,,5
P0535,22,Female,26.3,2.9,9.4,7.9,1,5,,2,5,2,1,2,1,2,1,3,2,2,3,1,2,,2
P0536,22,Male,22.7,5.4,20.5,10.4,1,3,3,3,3,2,3,,5,4,5,3,3,1,3,1,2,3,1
P0537,21,Male,19.6,4.6,16.3,4.8,1,2,4,1,5,4,4,1,2,2,1,2,,1,1,2,1,1,1
P0538,22,Female,30.5,8.3,25.9,7.1,1,4,5,4,3,5,4,4,4,5,5,4,5,1,1,1,1,1,1
P0539,19,Male,22.5,0,17.9,14.1,1,2,3,1,2,4,3,4,5,5,4,4,4,5,5,5,5,5,3
P0540,23,Male,22.9,4.1,18.6,8.1,1,4,3,3,,5,3,5,3,2,5,3,2,2,2,3,4,1,2
P0541,18,Female,22.9,2.3,10.3,6.9,1,4,3,5,5,4,4,1,1,2,1,1,2,1,4,1,3,2,3
P0542,24,Male,20.5,6.2,20,15.9,1,5,5,5,3,5,5,5,5,4,4,3,4,3,5,,1,5,5
P0543,20,Female,21.2,4.2,25.5,7.3,1,3,4,5,4,5,3,5,3,4,2,3,5,3,3,2,2,4,4
P0544,22,Male,23.5,2.8,10,16.2,1,5,5,4,3,5,5,3,3,1,3,2,1,4,1,3,3,3,2
P0545,21,Male,26.7,0,10.4,13.9,1,1,2,1,2,1,1,2,1,2,3,1,3,4,5,3,2,5,4
P0546,21,Female,19.9,5.1,8.5,10.2,1,3,2,3,2,3,2,3,2,1,2,4,1,4,2,3,2,3,5
P0547,23,Female,19.1,4.6,21.4,10.4,1,2,1,2,2,5,4,,4,4,5,2,3,,5,3,2,5,3
P0548,22,Male,21.1,1.6,17.1,6.2,1,4,4,2,1,3,2,1,1,1,2,1,2,4,4,5,5,4,5
P0549,23,Male,21.9,3.5,18.4,9.1,1,2,1,2,2,3,3,4,3,5,5,4,3,2,2,3,4,5,2
P0550,23,Female,17.7,0,13.1,14.9,1,2,2,3,4,4,2,1,1,1,1,1,3,5,2,5,3,5,5
P0551,22,Female,23,2.3,21.2,13.2,1,4,2,5,5,4,5,5,3,,4,5,5,4,4,4,5,5,3
P0552,23,Female,26.5,0.2,11.6,8.3,1,4,4,4,4,5,4,3,1,1,1,3,2,3,3,2,3,2,5
P0553,22,Male,27.3,4.5,17.7,15.4,1,3,5,4,5,5,5,1,3,1,2,3,3,2,1,2,1,2,2
P0554,18,Female,21.8,1.1,9.6,7.6,1,3,4,2,4,3,2,1,2,1,3,1,2,,3,3,2,4,4
P0555,23,Female,29,1.9,1.3,8,1,2,3,5,5,4,3,1,1,1,1,1,1,3,4,3,2,3,2
P0556,20,Female,19.5,7,19.4,5.6,1,5,5,5,5,5,5,,4,5,5,2,3,2,,2,1,2,1
P0557,21,Female,22.8,0.2,7.4,9.4,1,1,1,1,,1,1,1,2,2,4,1,1,1,1,1,3,3,2
P0558,21,Male,25,2.2,13.6,10.1,1,1,2,2,3,2,1,2,2,2,,3,1,1,1,1,4,2,3
P0559,21,Female,22.8,5.1,15.2,13.3,1,3,2,4,1,2,3,1,1,1,1,2,1,3,3,4,5,3,4
P0560,21,Female,26.8,6,25.3,7.1,1,5,5,5,,4,5,5,4,5,,5,5,,1,1,4,3,1
P0561,23,Male,21.8,4.8,11.9,8.7,1,3,2,3,4,3,2,4,4,2,3,4,2,3,4,3,5,4,3
P0562,22,Male,23.7,5.6,21.7,9.6,1,4,4,4,4,4,5,4,5,3,3,4,5,2,2,2,1,1,2
P0563,22,Male,18.7,2.4,9.9,7.8,1,2,1,3,3,1,1,2,1,1,2,2,1,3,5,3,1,4,2
P0564,19,Male,22.7,2.4,23.3,5.9,1,2,2,5,4,3,4,5,3,4,3,3,4,5,5,5,5,5,5
P0565,22,Female,17.8,3.4,21.1,5.6,1,2,4,4,2,3,5,3,2,2,3,4,1,3,5,3,4,5,3
P0566,21,Female,24.6,6,17.5,6.6,1,5,5,5,5,4,3,3,3,5,3,2,2,3,3,3,1,5,3
P0567,18,Female,21.9,5.8,18.9,10.4,1,4,4,5,5,2,2,2,2,2,3,3,1,5,2,5,4,4,3
P0568,23,Female,24.8,2.3,26.2,5.1,1,3,4,3,4,4,5,3,3,3,3,5,4,2,1,1,3,1,1
P0569,20,Male,17.1,2,18.6,8.2,1,4,,2,1,2,3,4,3,3,5,5,4,1,2,1,2,3,3
P0570,24,Male,18.5,5.7,17.3,6.3,1,5,3,4,5,3,5,2,1,4,2,3,,4,5,5,4,4,1
P0571,20,Female,20.4,8.5,26.8,5.3,1,2,2,2,5,4,5,5,4,5,5,4,5,1,1,1,1,1,
P0572,21,Female,22.6,0.7,20.4,5.8,1,4,3,4,3,2,2,2,2,2,2,1,1,4,3,1,3,3,2
P0573,18,Female,25.6,4,23.4,5.2,1,2,5,4,5,5,5,4,3,2,3,4,4,5,3,5,1,4,1
P0574,18,Male,19.3,4.1,17.9,9.5,1,4,4,3,5,3,5,2,3,2,2,2,3,1,1,1,1,1,1
P0575,18,Male,25.4,7.9,20.4,9.1,1,5,5,5,5,5,5,,4,5,5,5,5,3,3,3,2,4,2
P0576,20,Female,24.4,2.4,20.9,1.6,0,2,2,2,2,2,2,2,2,2,2,2,2,2,2,2,2,2,2
P0577,23,Male,23.6,4.8,13.7,16.8,1,3,5,1,5,2,5,2,2,5,2,3,1,2,2,2,3,3,2
P0578,21,Male,24.3,3.6,12.4,7,1,4,4,,3,5,3,1,2,1,2,2,3,3,2,2,2,4,4
P0579,21,Female,30.3,5.8,17.6,9.4,1,4,5,1,2,3,5,3,5,3,4,4,5,4,5,2,5,4,1
P0580,23,Female,23.7,1.3,14.4,11.6,1,4,3,4,3,4,2,3,3,3,4,1,3,1,3,3,3,2,2
P0581,20,Male,24.1,1.9,28,6.7,1,2,3,1,2,1,2,3,5,2,1,2,2,4,2,1,3,4,3
P0582,23,Male,23.6,4.1,13.8,10.9,1,5,4,5,4,5,5,,2,1,3,1,4,1,1,2,3,3,1
P0583,21,Male,18.6,4.4,22.7,11.9,1,2,5,4,,3,,2,3,2,4,5,5,1,1,1,2,3,3
P0584,22,Male,22.5,3.5,20.5,9.3,1,4,3,4,3,4,2,5,5,4,4,5,4,2,1,2,4,2,2
P0585,20,Male,17.9,6.9,25.3,13.1,1,5,5,4,5,5,5,4,5,3,5,5,5,1,2,,2,1,1
P0586,19,Male,19.3,3.7,11.1,12.4,1,3,3,3,4,5,4,2,2,5,2,2,1,1,1,2,3,,2
P0587,23,Male,20,2.2,9.4,14.3,1,2,3,2,3,2,1,1,2,1,1,3,,2,2,2,3,2,4
P0588,19,Female,19.8,3.6,28.6,11,1,4,3,5,3,4,3,2,5,3,4,3,5,3,3,2,5,4,4
P0589,20,Male,22.5,1.5,19.6,7.1,1,,1,1,3,3,1,4,5,4,4,5,5,4,4,2,2,5,4
P0590,21,Female,24.4,2.9,13,1.2,0,3,3,3,3,3,3,3,3,3,3,3,3,3,3,3,3,3,3
P0591,19,Female,22.2,4.2,10,5.9,1,3,4,,3,2,5,2,2,2,,1,2,4,3,3,4,3,3
P0592,20,Male,21.2,5.7,17.9,9.7,1,3,3,2,1,1,3,5,4,4,3,5,3,3,4,4,3,,4
P0593,22,Female,20.7,4.2,27,11.5,1,4,3,3,4,4,4,5,5,5,5,5,4,5,4,2,3,4,2
P0594,20,Female,23.1,3.3,18.7,9.5,1,3,2,4,2,2,5,3,2,3,4,1,3,1,2,5,1,2,2
P0595,23,Female,20.6,1.2,28.1,8.6,1,1,1,1,1,1,1,3,,5,3,4,4,4,2,4,1,3,3
P0596,20,Female,22.6,1.1,14.5,15.9,1,2,2,2,2,1,2,4,4,2,,3,4,1,4,2,2,1,2
P0597,23,Male,22.5,0,22.6,10.7,1,1,1,1,2,1,,2,4,2,4,1,2,5,5,5,5,5,4
P0598,19,Male,30.7,3.8,11.8,12.5,1,3,4,1,2,4,2,2,1,1,1,1,1,3,2,3,4,1,3
P0599,21,Male,23.7,3.1,17.3,2.8,0,4,4,4,4,4,4,4,4,4,4,4,4,4,4,4,4,4,4
P0600,22,Male,19.3,0,13.1,9.8,1,1,1,1,3,1,1,1,1,3,2,2,1,2,1,2,1,3,2
P0601,22,Female,25,2.9,20.7,13.4,1,5,3,4,4,5,3,4,2,4,1,3,3,1,1,1,2,2,2
P0602,20,Female,26.5,4.1,14.7,11.7,1,3,,3,2,2,2,3,2,1,2,3,2,3,2,2,2,2,5
P0603,19,Female,22.8,1,18,1.6,1,4,4,4,4,4,4,4,4,4,4,4,4,4,4,4,4,4,4
P0604,20,Female,21.9,7.2,12.9,11.4,1,4,4,5,5,4,4,2,2,4,3,5,,2,4,2,2,3,2
P0605,22,Female,27.2,2,25.5,9.4,1,1,1,2,1,2,4,4,3,4,5,,3,5,4,5,2,4,2
P0606,24,Male,22.5,5.4,21.9,5.1,1,3,2,5,3,4,4,3,3,3,1,4,1,5,5,3,4,5,5
P0607,19,Male,24,0.8,16.4,11.4,1,4,3,4,3,1,3,1,2,2,3,1,1,3,3,3,5,4,2
P0608,19,Male,20.8,3.4,20.4,12.6,1,1,2,3,1,1,2,5,4,4,3,5,2,5,3,3,3,,4
P0609,19,Female,20.5,0.1,9.3,6.6,1,2,2,3,1,3,2,2,1,2,3,1,4,2,5,2,3,2,4
P0610,22,Male,21.9,5.1,17.7,11.4,1,3,5,4,4,3,4,1,2,2,1,2,1,1,1,1,1,1,1
P0611,20,Male,20.6,6,26,6.7,1,3,3,3,,4,4,4,4,4,4,4,,3,5,3,4,5,2
P0612,21,Male,27,3.5,21.3,11.1,1,2,1,2,1,2,3,2,2,2,1,2,1,5,2,2,2,4,5
P0613,18,Female,26,7.4,18,5.8,1,5,5,5,4,5,5,4,5,5,4,3,5,3,1,1,2,2,1
P0614,20,Female,21.9,4.9,15.5,12.6,1,3,1,3,2,1,5,2,1,5,3,1,4,4,2,3,,3,5
P0615,22,Female,23,1.9,16,9.8,1,2,4,3,3,3,3,3,2,1,4,3,1,,2,5,2,4,2
P0616,19,Female,21.7,0,17.2,8.2,1,2,1,2,1,2,1,4,1,4,4,4,2,5,5,3,5,5,5
P0617,21,Female,22.4,2.1,20,7.6,1,2,2,1,1,1,2,4,3,5,1,4,2,1,1,2,1,2,1
P0618,21,Female,28,3.3,12.5,7.3,1,3,4,4,3,3,2,2,1,2,1,1,2,4,5,5,5,5,
P0619,18,Male,27.5,2.2,27.1,14.4,1,2,2,3,2,3,5,4,5,3,3,2,5,4,,3,4,2,3
P0620,23,Male,23.1,3.4,8.6,10.4,1,1,3,2,3,4,3,4,5,5,5,2,5,4,4,5,4,4,4
P0621,20,Male,22,4.2,20.3,5.4,1,3,2,1,3,2,3,4,4,5,2,5,3,1,1,1,2,2,1
P0622,19,Female,21.5,4.3,21.5,7.8,1,3,1,3,1,1,2,1,2,3,1,1,4,3,3,5,3,4,4
P0623,22,Male,21.4,1.6,13.5,6.8,1,1,3,2,1,2,1,2,3,2,2,2,1,5,5,5,4,4,5
P0624,21,Male,20.3,5.4,22.3,8.1,1,2,3,3,3,5,3,2,5,1,2,3,3,3,3,5,5,3,5
P0625,18,Female,24.9,4.6,16.7,8.9,1,2,3,4,3,3,5,4,2,5,5,4,4,3,3,2,2,3,5
P0626,22,Male,19.3,6.6,30.4,20.9,1,5,2,5,4,5,5,2,3,3,5,3,2,1,2,3,1,3,1
P0627,21,Female,26,3.2,14.9,3.5,1,4,,3,4,4,4,1,3,1,3,3,3,3,4,3,3,1,4
P0628,21,Female,25.4,6.7,21,11.5,1,3,3,4,2,3,5,5,3,3,4,3,3,2,2,1,3,4,1
P0629,23,Female,23.6,1.7,16,8,1,4,,2,4,3,4,4,4,3,4,5,3,2,2,4,2,2,1
P0630,21,Female,23.3,1.1,20.5,9.3,1,2,1,3,3,2,1,2,5,3,2,1,2,2,2,3,4,4,4
P0631,21,Female,18.8,1.4,10.7,6,1,1,2,1,3,3,1,1,1,1,1,1,1,5,5,5,5,4,5
P0632,19,Male,20,2.9,19.7,5.1,1,3,2,4,2,4,1,5,1,4,2,1,1,4,3,5,3,5,3
P0633,22,Female,18.2,1.8,26.3,7.4,1,4,3,4,4,5,4,5,3,5,2,4,5,4,4,2,4,5,5
P0634,24,Female,22.3,5.2,16.3,1.8,0,2,2,2,2,2,2,2,2,2,2,2,2,2,2,2,2,2,2
P0635,21,Female,26.3,0.6,11.8,7.4,1,1,2,2,4,2,2,1,1,1,1,1,2,2,4,2,3,4,4
P0636,19,Female,18.8,3.5,21.1,8.5,1,,1,1,1,2,1,3,4,3,4,1,4,2,1,3,1,2,2
P0637,22,Male,19.4,3.1,11,8.1,1,1,2,2,2,2,1,1,3,2,1,1,4,5,5,5,4,5,3
P0638,21,Male,16.4,3.7,23.3,10.3,1,4,2,3,5,3,5,5,,5,2,3,3,1,2,2,4,1,2
P0639,19,Male,18.4,5.3,16.5,6.4,1,4,3,1,5,1,1,3,1,2,1,3,2,1,2,1,3,3,2
P0640,20,Female,27.1,3.9,16.6,6.3,1,3,2,2,4,5,4,,3,4,3,2,4,4,3,5,3,4,2
P0641,19,Female,22.4,6.1,20.4,10.8,1,4,4,4,5,,5,2,2,4,2,3,5,3,1,5,1,4,2
P0642,20,Female,24.7,1.3,16.9,6.5,1,1,4,3,2,2,2,2,5,2,,,2,3,4,3,5,4,5
P0643,23,Male,17.3,4.4,24.9,7.5,1,2,3,2,,3,1,5,4,5,5,4,4,3,1,3,2,2,1
P0644,22,Female,20.8,3.9,18.4,9.4,1,2,1,1,1,1,1,3,3,1,3,1,3,1,1,1,5,2,3
P0645,20,Male,25.4,0.7,22.4,4.6,1,1,,1,2,2,1,1,4,3,1,2,4,5,4,5,5,5,5
P0646,20,Female,22.6,3.8,23.1,6.6,1,2,4,3,3,5,2,4,1,1,2,2,2,5,5,5,5,4,5
P0647,22,Male,26.6,2.9,19.4,6.4,1,2,5,2,3,4,2,2,2,2,2,2,5,2,3,3,1,4,3
P0648,24,Female,26.2,4.1,20,8.7,1,3,4,5,3,4,5,3,1,2,2,1,3,5,5,4,5,3,5
P0649,22,Female,18,2.9,21.3,6.7,1,4,1,4,4,3,4,3,3,1,2,3,3,5,5,4,4,5,4
P0650,25,Male,22.1,3,19.1,6.3,1,1,,2,2,1,1,3,4,2,3,4,1,1,5,2,1,2,1
P0651,21,Female,16,3,16,16.1,1,5,5,2,5,5,4,4,5,4,3,3,4,4,4,,4,,3
P0652,20,Female,23.1,2.1,22.8,11.4,1,2,3,2,3,3,4,2,2,,3,,,2,2,1,4,1,
P0653,24,Male,22.7,3.7,23.7,10.5,1,1,2,5,5,2,2,4,2,4,4,5,2,3,,5,3,3,3
P0654,19,Male,21.5,0,27.5,11.9,1,3,2,2,2,4,2,2,3,4,2,2,1,3,4,4,4,4,4
P0655,23,Female,23.5,5.6,15.5,6,1,4,4,1,5,2,2,5,5,5,3,5,5,4,4,3,4,5,4
P0656,20,Female,23.6,5.6,20.5,5.4,1,5,5,5,5,5,5,2,4,3,1,1,4,2,1,1,1,1,2
P0657,20,Female,19.8,1.6,18.9,8.5,1,1,1,1,2,1,2,3,5,3,4,,2,5,4,3,4,2,2
P0658,20,Female,23.2,6.6,27.4,12.9,1,4,,5,5,4,4,5,5,5,5,5,5,1,1,3,2,2,1
P0659,23,Male,26.1,5.8,24.7,2,0,2,2,2,2,2,2,2,2,2,2,2,2,2,2,2,2,2,2
P0660,21,Female,25.3,0,19.2,4.4,1,1,1,1,2,1,,2,2,2,1,1,1,1,2,2,3,,2
P0661,23,Female,16.2,0.9,18.1,10.5,1,4,3,3,1,3,2,1,2,2,3,1,2,4,5,4,5,5,2
P0662,18,Female,19.2,3.2,19.7,10.2,1,5,,,2,5,1,1,2,3,1,2,2,5,5,5,5,2,5
P0663,21,Female,17,3.9,10.3,7.5,1,4,2,3,4,5,3,5,4,,5,3,5,4,3,2,5,4,4
P0664,22,Male,23,3.2,18.3,8.1,1,2,1,1,1,2,1,2,3,4,3,3,4,3,3,3,3,2,4
P0665,22,Female,22.3,2.5,21.8,6.6,1,2,4,4,1,1,3,2,1,2,3,5,2,5,4,3,5,,4
P0666,19,Female,24.2,1.6,34.2,5.4,1,3,1,4,3,2,3,2,5,3,5,4,2,2,2,4,3,2,2
P0667,20,Female,17.8,2.8,20.8,11.4,1,4,2,3,4,3,5,2,4,1,4,2,2,2,4,3,3,2,1
P0668,24,Male,21.4,1.8,23.8,5,1,1,1,1,1,1,2,,3,4,4,5,4,4,2,4,3,4,1
P0669,18,Female,20.8,1.4,16.1,5,1,,4,4,5,3,2,4,2,,4,3,5,5,5,5,4,5,4
P0670,19,Female,22.8,1.9,9,9.1,1,4,3,5,5,5,5,2,1,1,1,4,1,5,5,4,3,5,5
P0671,23,Female,24,0,3.5,6.2,1,1,1,1,3,1,1,1,1,1,1,1,1,3,3,2,1,3,4
P0672,22,Female,20.8,1.4,10.4,7.4,1,4,3,3,3,2,,1,1,1,2,3,1,3,2,5,5,5,4
P0673,21,Male,26.9,3.8,14.1,10.4,1,2,1,3,2,1,3,4,3,2,3,2,3,4,4,3,4,3,3
P0674,23,Female,22.8,2.5,14.3,7.2,1,4,1,3,2,3,1,2,2,2,3,3,4,2,1,1,2,3,2
P0675,21,Female,22.1,3.6,17.1,11,1,2,1,3,2,3,2,1,2,2,1,3,1,4,4,2,5,4,4
P0676,19,Female,22.3,6,23.5,10.9,1,4,2,3,,4,5,4,4,5,3,4,4,1,4,2,1,2,2
P0677,22,Female,20.2,0.8,16.6,9.4,1,1,1,1,1,1,1,3,3,3,4,2,1,5,3,,5,4,4
P0678,21,Male,25.2,6.4,21,4.3,1,2,2,4,3,2,,4,4,4,,2,5,1,1,2,2,1,2
P0679,24,Female,25.7,0.3,18.4,8.1,1,1,3,1,2,2,3,1,1,3,4,2,2,3,4,4,3,3,4
P0680,19,Male,24.4,3.9,23.5,8.8,1,4,1,5,3,5,4,2,3,2,4,3,5,2,3,2,2,5,2
P0681,23,Male,19.5,5.6,23.1,7.1,1,5,5,5,5,5,,4,5,5,5,3,5,2,3,2,2,1,3
P0682,20,Female,23,3.7,15,14.4,1,3,2,4,2,5,2,1,1,2,1,1,1,3,5,5,4,1,2
P0683,21,Female,21.7,4,9.8,7.9,1,3,4,2,2,2,2,4,3,3,2,2,1,3,1,4,3,3,2
P0684,20,Male,21.9,1.5,16.9,7.3,1,1,3,1,2,4,3,4,4,4,1,4,5,4,5,4,4,5,3
P0685,21,Female,21.7,3.1,20,10.1,1,4,4,4,2,3,3,4,4,5,3,,,4,4,4,5,2,4
P0686,20,Male,22.5,3.3,23,11.1,1,4,3,2,4,3,5,4,3,2,3,2,2,4,4,4,3,3,5
P0687,21,Male,23.3,2.2,13.4,8.9,1,2,5,2,5,4,2,2,1,1,1,1,1,5,5,4,5,5,3
P0688,23,Female,24.2,1.1,12.8,11.8,1,2,1,2,3,2,4,1,2,2,1,3,4,5,4,5,5,4,5
P0689,21,Female,26.6,0.6,14.8,7.7,1,2,3,1,4,3,3,3,4,2,4,1,2,5,5,5,5,5,5
P0690,21,Female,16,4.3,20,11.1,1,5,5,3,3,4,5,2,2,2,4,2,3,2,3,4,2,2,2
P0691,23,Female,23.4,2.2,21.1,6,1,1,,3,1,2,3,3,5,4,3,3,1,2,1,2,2,1,2
P0692,22,Female,22.5,2.1,13.9,9,1,3,2,2,4,3,,1,4,2,2,4,1,5,3,2,3,3,4
P0693,20,Female,24.6,5.2,11,8.2,1,,3,1,1,2,3,3,1,3,5,2,3,5,2,5,5,2,1
P0694,24,Female,27.5,0,6,9.9,1,1,1,1,1,2,1,2,3,1,1,3,1,5,5,5,2,5,4
P0695,22,Female,25.2,5.9,20.5,10.5,1,3,3,3,4,2,5,2,2,3,4,3,5,2,1,1,1,1,5
P0696,20,Male,24.3,0,10.5,3.8,1,5,5,5,2,4,4,2,2,1,1,1,2,5,5,4,5,4,5
P0697,20,Male,22.4,4,21,8.1,1,4,5,4,1,5,2,4,4,5,3,4,5,2,3,4,5,5,3
P0698,21,Female,25.6,5.2,24.7,9.2,1,3,4,4,4,5,5,5,5,5,5,3,5,1,2,3,3,2,1
P0699,22,Male,31.1,6.6,22.2,5.7,1,2,3,4,2,4,5,5,5,5,5,4,5,3,2,3,4,5,1
P0700,22,Female,27.2,0.8,13.6,5.9,1,2,2,4,3,4,1,1,1,1,1,1,1,1,4,1,5,1,5
P0701,24,Female,19.3,5.3,20.2,9.8,1,4,3,2,5,2,2,5,3,4,5,4,4,1,1,1,1,2,3
P0702,21,Female,21.8,1.8,19.7,10.8,1,4,2,1,4,1,4,4,1,3,2,2,3,5,4,5,,3,4
P0703,23,Male,23.2,2.8,21.2,12.7,1,4,4,3,4,5,3,3,2,4,2,2,2,2,4,,,2,3
P0704,23,Male,22.4,3.8,22.2,6.7,1,3,5,5,5,3,5,,3,5,4,3,4,5,4,5,5,5,3
P0705,20,Male,26.1,2.4,18.5,4.5,1,4,3,4,2,4,3,5,5,2,3,2,1,2,5,2,2,1,3
P0706,21,Female,24.4,3.6,15,9,1,,3,2,2,2,1,4,,5,4,2,3,4,4,4,4,4,5
P0707,22,Male,21.4,6.3,17.3,9.7,1,4,1,1,2,2,2,3,3,5,4,1,5,2,2,4,2,1,3
P0708,19,Male,24.5,4.6,18.3,8.9,1,4,2,2,5,,5,5,2,3,3,2,3,3,2,2,4,2,4
P0709,24,Female,22.4,0.4,15,10.8,1,2,1,1,3,1,1,2,2,3,2,2,1,5,5,5,5,4,3
P0710,20,Female,25.4,2.5,14.9,6.4,1,3,3,3,2,2,3,2,2,4,1,1,1,2,1,4,1,4,2
P0711,20,Female,19.8,4.3,19.3,7.9,1,3,3,2,5,2,4,3,4,5,4,4,3,2,2,3,2,1,1
P0712,23,Female,25.3,0.7,18.6,13.5,1,1,4,2,5,2,3,4,5,3,3,4,1,4,5,2,4,2,1
P0713,22,Male,22.8,6.3,12.2,8.6,1,5,5,4,4,2,3,2,4,4,3,1,4,5,4,5,4,5,4
P0714,18,Female,22,7.4,27.6,6.3,1,4,5,3,4,3,2,5,3,4,5,3,1,1,1,3,,2,3
P0715,21,Female,26.5,2.6,22.3,7.2,1,4,2,3,3,2,3,3,2,5,1,3,4,4,4,5,5,2,5
P0716,21,Male,23.4,3,12.4,7.2,1,4,3,4,3,3,5,1,1,1,5,3,3,4,4,3,2,3,2
P0717,20,Female,19.4,1.2,20,10.1,1,3,3,3,2,3,3,1,1,2,1,3,3,5,2,3,3,4,2
P0718,23,Female,21.4,4.9,30.3,6.1,1,,5,4,5,4,5,5,5,,5,5,5,2,2,1,1,1,3
P0719,23,Male,26.1,3.2,14.9,5.6,1,1,2,1,2,2,4,2,4,4,3,3,3,3,3,3,5,2,4
P0720,22,Male,21.2,4.1,30.1,14.5,1,4,3,3,3,4,2,5,5,5,5,5,5,3,1,2,2,3,1
P0721,22,Female,24.3,4.7,25.2,8.5,1,3,4,4,2,3,3,5,5,5,5,5,5,2,4,4,5,3,2
P0722,25,Female,26,0,16,7.2,1,3,4,1,1,3,2,2,3,3,2,3,2,1,4,2,1,3,5
P0723,20,Female,20.9,5.2,25.9,9.6,1,2,5,5,4,3,4,1,1,1,2,2,4,1,1,1,1,1,1
P0724,21,Female,22.9,2.4,15.5,5.4,1,2,3,1,4,4,3,5,3,3,4,4,2,2,1,3,3,2,1
P0725,23,Female,17,4.1,19.6,6.2,1,5,5,3,5,3,4,2,3,1,4,5,4,3,1,2,1,2,3
P0726,21,Male,23.6,0,13.5,6.7,1,,1,1,1,2,1,1,1,3,2,1,1,4,4,4,5,5,5
P0727,25,Female,17.3,1.6,12.1,4.2,1,5,1,5,4,3,3,1,1,1,1,1,1,1,2,4,2,4,3
P0728,22,Female,22.5,2.7,11.3,12.7,1,2,,2,1,3,4,2,2,1,2,3,,3,3,1,4,4,1
P0729,22,Male,21.8,2.6,19.6,9,1,1,5,4,1,3,3,2,5,4,3,2,4,3,1,3,2,1,3
P0730,20,Female,23.3,2.7,12.1,10.4,1,3,3,3,2,3,4,4,4,2,2,2,1,3,2,2,5,1,4
P0731,21,Female,21,5.4,16,6.3,1,4,4,3,3,3,3,2,2,1,1,3,1,3,4,2,3,3,2
P0732,22,Female,23.4,4.9,19.1,11.5,1,2,2,4,5,5,3,2,3,3,2,3,2,2,3,4,4,4,3
P0733,20,Male,20.2,4.9,17.6,19.2,1,5,,3,,3,5,4,4,5,3,4,5,4,3,5,5,5,2
P0734,25,Male,19.1,6.9,23.7,9.4,1,,5,4,5,5,5,5,5,2,4,3,3,1,3,1,1,2,2
P0735,23,Female,21,5.7,22,6.9,1,2,4,4,5,5,1,2,2,1,2,2,4,2,2,1,1,1,2
P0736,21,Female,22.8,1.2,15.2,6.9,1,2,2,1,2,1,2,1,1,1,2,1,1,4,3,2,4,5,2
P0737,19,Female,21.2,2.5,14.6,14.5,1,2,1,1,1,2,1,1,2,3,1,3,3,4,4,3,3,4,2
P0738,18,Male,25.1,6,28.7,9.1,1,5,5,5,5,4,3,5,5,5,5,5,5,,5,2,3,2,5
P0739,18,Male,23.1,1.5,9,10.4,1,5,3,3,3,4,4,2,2,2,3,1,3,5,5,5,5,5,5
P0740,21,Female,25.4,5.1,17.6,4.4,1,3,3,5,3,4,3,2,2,4,3,1,,2,2,1,1,3,5
P0741,20,Male,23.1,3.1,23,7.4,1,2,3,4,1,2,3,4,4,4,5,2,5,3,2,3,4,3,4
P0742,20,Female,23.3,6.7,20.3,10.7,1,2,3,3,4,2,4,4,2,3,3,2,2,1,2,2,,1,1
P0743,23,Female,18.4,6.6,19.1,14.2,1,4,1,2,4,3,5,1,2,4,1,2,5,2,1,2,2,1,4
P0744,19,Female,24,5.5,20.5,10.3,1,3,4,5,4,3,3,3,1,2,2,4,2,5,3,2,2,3,5
P0745,20,Female,29.5,4.8,14.7,7.3,1,5,5,5,5,5,4,5,3,3,3,5,3,4,5,5,5,4,5
P0746,24,Male,29.2,0,5.9,10.9,1,4,4,3,,2,4,2,1,2,1,3,3,5,5,5,4,4,5
P0747,18,Male,26.2,2.6,16.3,4.8,1,4,4,5,1,2,5,2,2,1,1,2,2,3,3,1,2,4,2
P0748,22,Female,25.7,3,14.3,8.2,1,5,3,2,1,4,4,2,3,4,1,2,1,3,2,3,5,3,4
P0749,24,Female,22.3,3.2,11.9,10.5,1,2,2,2,2,2,1,1,2,2,2,3,1,5,4,3,5,4,4
P0750,23,Male,18.1,4.1,25.9,4.1,1,3,2,1,3,3,2,3,,5,4,2,5,3,1,5,3,5,4
P0751,21,Female,19.8,5.1,24.2,7.8,1,2,4,2,3,2,3,4,4,1,3,3,5,2,3,2,2,3,2
P0752,21,Female,17.9,3.8,16.4,20.1,1,5,5,5,4,5,2,2,2,4,5,,,5,5,5,4,5,2
P0753,19,Female,22.7,4.6,15.1,1.3,1,3,3,3,3,3,3,3,3,3,3,3,3,3,3,3,3,3,3
P0754,21,Female,23.3,2.7,18.7,1.9,0,4,4,4,4,4,4,4,4,4,4,4,4,4,4,4,4,4,4
P0755,25,Male,26.8,2.1,12.6,11.9,1,5,4,3,5,,3,3,3,1,2,3,5,3,3,2,3,2,3
P0756,20,Female,23.4,0,18.8,11.6,1,4,4,2,4,3,1,1,1,3,1,1,1,4,3,4,2,4,4
P0757,24,Female,21.7,3.7,20,10.2,1,3,5,4,3,5,3,3,3,5,4,4,5,3,4,3,3,4,5
P0758,24,Female,28.2,6.7,21.5,2.1,0,5,2,4,5,2,4,1,4,2,3,2,4,1,1,1,3,5,5
P0759,20,Male,22.7,2.9,24.2,7.2,1,5,2,3,2,2,4,5,5,5,5,3,4,1,3,3,1,5,2
P0760,23,Female,23.8,1.8,20.6,6.9,1,4,4,2,2,2,2,4,5,4,4,5,3,3,3,2,2,3,3
P0761,24,Male,25.3,2.2,19.9,8.5,1,5,3,2,2,5,,2,2,2,5,2,1,2,2,3,1,1,3
P0762,24,Female,27.4,1.7,15.8,8.4,1,1,3,4,1,2,2,3,4,4,5,2,3,3,2,3,5,2,1
P0763,24,Female,27,2.2,19.1,9.1,1,2,1,2,3,2,3,1,2,4,1,1,3,1,2,2,1,2,4
P0764,21,Male,22,4,18.3,9.8,1,2,3,2,2,1,1,3,1,3,4,1,2,2,4,2,5,3,3
P0765,22,Male,19,3.3,32.9,15,1,4,5,4,3,4,5,5,5,5,5,5,4,2,4,5,4,4,3
P0766,22,Female,24.3,5.4,18.1,7.7,1,4,5,3,3,4,,2,3,2,2,5,5,5,,4,5,4,4
P0767,21,Female,23.6,3.2,22.4,10.5,1,4,3,3,3,3,1,4,,5,4,3,4,5,1,4,1,2,
P0768,19,Female,19.7,5,10.4,9.4,1,2,,4,2,3,4,3,2,4,2,5,3,4,3,4,4,3,4
P0769,20,Female,24,1,22.3,6.5,1,2,4,,2,4,1,5,3,1,2,,3,1,2,1,1,1,2
P0770,18,Female,21.3,2.7,16.2,7.9,1,2,1,2,1,1,1,5,5,1,3,3,3,1,1,1,1,2,1
P0771,18,Female,23.4,6.1,28.4,9.2,1,5,5,5,4,4,4,4,5,3,,5,4,1,2,2,3,2,1
P0772,22,Female,25.7,0.8,12,8.1,1,2,2,1,1,2,2,1,2,4,1,1,,3,4,5,3,3,
P0773,22,Male,23.3,2.3,15.6,15.3,1,1,2,1,2,1,2,3,1,2,4,4,3,4,5,3,5,3,
P0774,22,Female,24.4,5.5,24.7,7.1,1,5,5,5,5,5,5,5,4,5,3,3,3,3,2,2,2,3,5
P0775,23,Female,26.1,1.6,15.8,3.4,1,4,3,5,2,1,5,4,2,2,4,5,5,4,4,4,5,5,3
P0776,22,Female,18,4.3,31.2,8.4,1,3,3,1,3,2,3,5,5,5,5,5,5,4,1,3,2,3,2
P0777,22,Female,17.7,5,13.7,6,1,5,3,4,4,4,2,1,1,1,2,1,1,3,5,4,4,5,4
P0778,22,Male,20,3.7,23.3,10.8,1,5,5,5,4,4,3,3,4,2,4,3,3,2,1,4,3,4,1
P0779,20,Male,31.4,0.5,16.5,8.6,1,1,2,1,1,1,3,4,2,4,4,3,4,4,5,4,5,5,5
P0780,24,Male,24.7,2.8,13.7,5.7,1,1,2,1,3,2,1,3,4,1,1,3,1,3,,5,3,3,2
P0781,19,Female,27.3,1,20.8,19.4,1,2,5,3,2,3,2,2,3,2,1,3,1,,1,2,3,1,3
P0782,20,Female,23.9,7.8,11.8,18.4,1,2,4,3,3,4,2,2,1,2,1,3,3,3,2,2,3,1,2
P0783,20,Male,22.8,2.5,13.6,11.5,1,1,4,2,2,1,2,2,3,3,1,1,3,5,2,4,5,5,3
P0784,21,Female,24.3,2.7,15.3,2.8,1,2,2,2,2,2,2,2,2,2,2,2,2,2,2,2,2,2,2
P0785,20,Female,24.8,4.7,23.2,5.2,1,3,4,3,4,4,4,5,3,4,5,1,5,3,4,2,5,4,5
P0786,22,Male,23.9,1.7,19,7.7,1,2,2,4,4,3,2,1,1,2,2,,3,5,5,5,5,4,5
P0787,20,Male,22,5.2,20.4,12.2,1,5,4,5,5,5,5,5,4,4,2,2,3,3,3,4,4,4,1
P0788,23,Male,26.3,5.9,19,12.3,1,4,5,5,3,5,3,4,5,4,4,4,4,1,3,1,1,2,
P0789,20,Female,23.9,0,14.9,6.7,1,2,2,1,2,1,2,3,,1,1,3,2,5,2,2,4,3,4
P0790,23,Female,22.4,1.3,11.2,9.6,1,2,2,2,1,1,3,2,2,,1,3,1,5,5,4,5,5,4
P0791,21,Male,19.8,1.7,5.2,13.1,1,2,2,1,1,2,1,3,1,1,1,3,3,5,4,4,5,5,5
P0792,21,Female,20.1,3.9,16.9,2,0,2,2,2,2,2,2,2,2,2,2,2,2,2,2,2,2,2,2
P0793,22,Male,27.1,2.8,14.1,6.2,1,4,3,1,3,5,1,1,1,2,1,2,1,2,4,3,4,2,5
P0794,23,Female,20.8,3.8,20.1,3,1,2,2,2,2,2,2,2,2,2,2,2,2,2,2,2,2,2,2
P0795,21,Female,18.1,0.8,15.4,4.9,1,3,4,2,3,4,2,,1,1,3,1,1,2,2,2,3,1,1
P0796,19,Male,23,1,12,10.6,1,1,2,3,1,1,1,2,1,1,2,1,1,3,2,5,4,3,1
P0797,22,Female,22.9,2.9,20.3,10,1,1,1,1,1,1,,3,1,2,3,1,1,3,3,1,5,3,2
P0798,23,Female,23.6,2.8,13.1,3.7,1,3,4,1,3,4,4,4,1,4,2,4,4,3,1,4,4,3,4
P0799,20,Male,17.8,5.9,22.6,7.9,1,5,4,4,5,4,5,3,5,4,4,4,1,1,1,1,1,3,1
P0800,23,Male,19.5,3.3,21.2,7.7,1,3,2,3,4,4,2,2,2,2,4,1,2,2,4,2,3,3,4
P0801,24,Female,25.6,0.1,16.5,11.9,1,1,1,3,1,2,1,2,1,1,1,,1,4,2,3,3,,3
P0802,24,Female,20,3,20,7.3,1,2,4,2,2,3,2,2,5,3,2,2,2,2,1,2,1,2,4
P0803,21,Female,24.3,1.8,21.6,6.9,1,1,1,1,1,1,2,3,2,4,4,2,1,4,3,4,5,1,4
P0804,20,Female,21.8,0,8,7.7,1,2,1,1,,,1,2,2,1,1,1,1,2,4,4,1,1,2
P0805,21,Female,21.2,2.4,13.3,6,1,2,3,5,2,3,3,4,3,1,2,4,5,2,2,1,4,1,2
P0806,20,Female,22.4,2.1,22.9,5.7,1,5,3,4,5,5,4,2,3,4,2,3,3,5,5,5,5,5,5
P0807,22,Male,23,5.6,21.7,6.1,1,5,5,5,5,5,4,2,,4,2,2,2,3,4,3,4,4,4
P0808,24,Female,29.1,5.2,17.9,6.1,1,2,3,3,1,5,4,2,4,2,1,2,2,3,2,2,1,3,1
P0809,21,Male,23,3,18.8,6.1,1,3,2,3,4,3,2,4,2,4,3,4,3,2,3,2,4,1,1
P0810,22,Male,16.4,7.2,23.8,1.7,0,5,5,2,5,1,2,1,1,2,2,2,4,3,5,2,5,4,2
P0811,21,Female,20.1,0,16.6,7.2,1,,2,1,4,1,1,1,2,5,1,4,1,3,3,2,4,3,3
P0812,21,Male,22.6,4.4,19,7.2,1,3,4,3,4,4,4,4,4,3,2,3,2,3,2,1,2,3,4
P0813,22,Female,22.1,6.7,26.8,10.2,1,5,5,5,5,5,5,5,4,4,5,5,5,1,1,1,1,,1
P0814,21,Female,21.3,0.2,14.2,5.8,1,4,2,3,3,2,1,1,1,2,2,5,1,3,1,2,1,2,4
P0815,21,Male,24.6,7.5,22.4,6.7,1,,5,5,4,5,5,5,4,5,5,5,5,1,2,1,5,1,3
P0816,20,Male,26.6,0.6,12.1,12.1,1,1,3,2,1,1,1,3,2,4,2,1,1,5,5,5,5,5,5
P0817,22,Male,23.8,3.1,12.1,11.3,1,3,4,,5,4,5,3,1,2,3,1,4,4,3,5,2,3,3
P0818,22,Female,20.5,2.7,22.1,7.8,1,3,1,1,1,4,5,3,2,4,2,3,2,3,4,2,2,,5
P0819,24,Female,25.6,0.8,12.6,13.4,1,1,2,1,1,1,2,1,3,2,1,2,1,3,5,5,3,5,3
P0820,25,Male,17.9,3.4,16.1,10,1,2,2,5,2,4,4,4,3,3,3,2,4,5,5,5,5,5,5
P0821,21,Male,24,6.4,33.1,4.7,1,5,3,4,3,4,5,,5,5,5,5,5,1,2,1,1,1,1
P0822,22,Male,22.7,3.9,14.9,7.4,1,2,1,,4,1,2,1,2,1,1,3,1,3,3,1,2,2,1
P0823,20,Female,25.6,2.2,16.8,10.1,1,1,1,4,3,1,1,3,4,5,2,3,5,4,2,2,5,1,5
P0824,23,Male,23.3,3.8,21,8.3,1,3,4,5,3,3,5,3,3,3,4,4,5,2,1,3,2,1,2
P0825,22,Female,23.9,4.7,15.7,6.5,1,5,3,5,4,4,2,2,1,2,1,2,2,4,4,2,4,5,3
P0826,22,Female,23.9,1.2,15.1,15,1,5,5,5,3,,3,1,1,2,1,3,2,1,1,1,3,3,4
P0827,18,Male,29.8,5.8,18.6,7.1,1,4,3,4,5,5,4,3,5,3,1,2,5,,5,5,4,5,5
P0828,23,Female,16,2.7,16.9,5.4,1,4,3,2,4,5,5,1,2,1,2,3,2,4,4,5,2,3,5
P0829,19,Male,23.3,1.8,13,9.7,1,4,3,3,5,4,5,3,3,1,2,3,1,3,3,5,4,2,5
P0830,19,Male,21.9,6.3,23.3,10.3,1,4,3,3,1,4,5,2,5,5,5,,5,1,3,1,2,2,1
P0831,23,Female,20.5,3.7,19.9,10.5,1,4,3,4,2,3,5,3,4,3,2,4,3,5,5,5,5,5,5
P0832,18,Male,20.9,7.3,29.1,9,1,5,5,4,5,5,4,3,5,5,4,4,5,2,1,1,,2,1
P0833,21,Female,25.4,2.1,20.7,16.6,1,3,1,3,2,2,2,3,5,4,4,5,4,3,2,3,2,4,1
P0834,20,Female,26.3,0.2,11.2,17.4,1,3,3,4,4,,2,1,2,1,2,2,2,3,3,3,2,3,5
P0835,23,Male,24,1.6,13.1,8.8,1,1,1,5,3,1,3,3,2,4,1,3,4,3,2,5,1,3,3
P0836,22,Female,21.5,0,8,2,0,2,4,1,5,4,2,5,3,4,1,2,5,3,3,5,1,4,1
P0837,21,Female,23.4,1.1,8.2,9.9,1,3,2,2,4,1,1,1,1,1,1,1,3,5,5,5,5,5,5
P0838,21,Male,19.5,3.3,17.3,11.8,1,5,5,3,2,4,4,3,2,3,4,5,2,5,4,4,5,5,3
P0839,21,Female,20.3,3.5,13.3,7.6,1,1,1,3,1,,1,3,2,2,2,2,1,3,3,2,4,3,3
P0840,21,Female,24.1,4.6,18.1,11.1,1,5,5,5,5,3,4,4,5,2,4,3,5,1,2,1,1,1,2
P0841,20,Male,24.2,2.1,23.8,7.8,1,4,2,3,2,2,2,3,4,4,5,3,5,3,4,5,4,1,3
P0842,21,Male,27.5,1.3,7.3,8.2,1,3,5,5,3,3,5,2,5,4,4,1,3,5,5,5,4,5,5
P0843,24,Female,20.5,5.6,12.8,7.6,1,5,5,5,5,5,4,2,5,2,1,1,4,1,3,5,1,2,2
P0844,23,Female,27.5,0.2,15.3,5.5,1,1,2,2,3,2,1,3,1,2,4,1,4,3,2,3,5,2,3
P0845,24,Male,23.7,3.2,22.5,2.4,0,5,3,4,2,1,3,4,2,2,2,3,3,5,4,3,5,1,1
P0846,24,Male,18.3,6.3,19.1,10.8,1,4,3,5,1,3,3,4,5,5,5,4,3,3,1,3,3,4,1
P0847,22,Female,23.4,5,16.9,5.7,1,4,3,4,5,4,3,2,1,4,1,2,1,5,2,3,2,1,2
P0848,19,Female,21.5,2,15.2,7.3,1,2,1,3,3,2,1,5,5,4,3,4,4,3,2,2,4,3,3
P0849,18,Male,17.6,0,16.2,9.1,1,3,3,4,1,4,1,1,1,1,1,2,1,1,1,2,1,1,2
P0850,20,Male,26.3,4.7,15.4,7.8,1,,1,3,3,2,2,4,2,3,5,4,4,4,3,5,5,5,4
P0851,21,Female,23.8,4.8,27,10.4,1,3,3,4,4,5,2,5,,5,5,5,5,2,2,1,1,2,2
P0852,18,Male,22.5,2.3,21.9,13,1,5,2,3,4,2,1,1,4,5,3,4,3,4,5,2,5,3,3
P0853,21,Male,27.5,2,18.7,17.4,1,1,2,2,2,2,2,2,3,5,4,3,3,2,5,5,4,5,4
P0854,19,Male,21.4,4.3,20.7,9.7,1,1,2,2,2,2,2,4,3,1,2,4,3,5,2,1,2,4,2
P0855,19,Female,22.3,1.7,20.3,12.2,1,1,1,1,3,2,1,3,4,2,3,3,1,5,5,5,2,4,5
P0856,23,Female,17.7,5.9,21.5,7.7,1,3,2,2,1,2,2,3,2,3,4,1,3,1,1,1,1,1,1
P0857,20,Female,26.3,3.6,11.9,10.7,1,3,3,3,2,3,1,1,1,1,2,1,3,2,2,3,4,3,5
P0858,21,Female,24.9,4,18.8,6.7,1,2,4,2,4,3,2,3,5,4,3,4,2,4,2,2,3,2,2
P0859,23,Male,24.4,5,21.1,6.2,1,2,2,1,4,1,3,2,2,1,3,4,4,3,1,1,1,3,3
P0860,20,Female,23.9,0,5,11.7,1,1,1,1,1,1,1,1,1,2,1,1,2,5,5,5,5,5,5
P0861,22,Female,27.2,1.2,20,1.3,1,1,1,2,3,4,5,5,2,1,3,3,5,4,3,4,5,3,3
P0862,22,Female,18.7,7.5,20.5,12,1,5,5,5,5,4,5,5,4,2,4,2,3,2,1,,3,2,1
P0863,23,Female,17.6,3.9,25.2,11.6,1,4,5,4,5,5,5,1,2,4,3,2,3,5,4,1,2,2,3
P0864,18,Female,16.8,4,18,9.4,1,4,1,1,3,2,3,5,5,3,4,5,5,4,5,4,5,,5
P0865,20,Female,20.9,1.8,30.8,7.7,1,2,1,2,2,1,2,3,2,4,5,5,4,4,3,4,2,3,2
P0866,24,Male,21.9,6.1,14.5,5.2,1,5,5,5,5,5,2,1,1,3,2,1,4,4,4,3,3,3,4
P0867,22,Female,23.1,0.8,10.9,5.2,1,2,1,1,1,1,3,2,2,2,1,3,2,4,3,5,3,5,5
P0868,21,Male,19.5,4.1,14.2,10,1,4,4,4,4,5,4,4,4,3,4,3,2,4,5,4,5,5,4
P0869,19,Male,23.5,6.9,17.1,6.9,1,2,4,5,5,5,5,2,5,3,2,1,5,2,1,2,3,2,3
P0870,22,Female,23.6,4.7,17.6,8.6,1,5,3,5,2,3,2,3,3,3,2,2,2,4,2,4,2,2,2
P0871,24,Male,23.9,0.1,19.3,2.9,0,4,4,4,4,4,4,4,4,4,4,4,4,4,4,4,4,4,4
P0872,20,Male,26.7,2.8,18.2,5.4,1,1,2,4,2,1,2,2,3,2,4,1,2,1,4,3,2,1,4
P0873,22,Female,20.6,0.3,10.3,11.8,1,1,1,3,2,1,1,3,1,1,2,1,2,1,2,1,2,3,3
P0874,21,Female,24.8,2.7,22.9,10.7,1,1,1,2,4,1,2,4,4,4,3,2,2,2,2,1,1,1,1
P0875,20,Male,18.7,2.4,14.9,8.2,1,5,5,,5,5,5,3,2,3,2,2,3,2,3,4,2,5,2
P0876,20,Female,23.9,1.7,16.7,7.1,1,1,2,2,2,2,3,1,2,1,2,3,2,2,4,4,4,5,4
P0877,22,Male,22.1,2.8,11.5,8.6,1,3,1,2,1,3,3,3,3,3,4,4,2,1,4,2,2,2,4
P0878,20,Female,27.4,3.9,16.8,12,1,4,2,4,4,3,2,1,2,3,3,3,2,3,1,2,2,1,1
P0879,20,Male,25.7,4.9,23.1,5.9,1,4,3,2,4,4,5,5,5,4,5,5,5,2,1,2,2,2,3
P0880,18,Female,19.7,0,7.9,12.2,1,1,2,1,2,1,1,1,1,1,1,1,2,2,,3,2,1,5
P0881,23,Male,16,2.2,20.4,9.7,1,3,4,2,2,3,3,4,5,5,4,4,3,5,5,5,3,5,5
P0882,22,Female,22.3,3.5,20.6,1.4,0,2,5,2,5,1,3,3,1,1,2,2,2,3,3,2,3,4,3
P0883,20,Female,23,5.9,26.9,6,1,3,3,2,1,2,2,5,2,3,4,4,5,4,2,4,4,2,5
P0884,22,Male,23.3,0,12.3,7.8,1,1,1,1,1,1,1,1,2,3,1,4,1,2,2,3,2,2,3
P0885,20,Female,23.4,3.5,22.2,9.7,1,3,1,4,4,2,4,5,3,4,5,2,1,4,4,4,5,4,2
P0886,20,Female,20.9,8.1,26.1,10.5,1,4,4,5,5,4,5,3,5,3,3,3,2,3,1,5,1,,1
P0887,22,Male,21.1,0,11.9,5.9,1,1,2,1,2,3,2,2,2,2,2,2,1,4,1,3,3,3,5
P0888,23,Female,21.8,3.6,18.1,7.5,1,2,2,3,4,3,5,2,3,2,4,1,3,2,2,1,2,3,5
P0889,22,Female,20.1,1.5,20.1,7.3,1,1,1,1,3,1,1,4,5,2,5,2,4,2,3,1,4,2,4
P0890,21,Female,19,5.4,21.6,9.8,1,4,5,4,2,5,4,4,4,4,4,5,5,2,1,3,1,1,1
P0891,21,Male,26.9,5.8,13.7,6,1,5,5,4,4,2,3,2,4,2,3,2,2,2,2,1,1,2,4
P0892,22,Female,16,1.6,21.3,4.2,1,2,3,1,1,3,2,1,2,2,1,3,5,1,1,1,3,1,1
P0893,21,Male,22.5,4.3,15.2,11.3,1,4,4,4,5,4,2,2,2,2,2,1,5,3,3,5,1,1,4
P0894,23,Male,19.8,4.6,12.7,12.2,1,5,4,2,3,1,1,1,1,1,3,4,4,2,3,1,3,3,
P0895,21,Female,18.5,4.4,17,2,1,2,2,5,2,3,5,3,4,2,4,1,1,4,5,1,2,2,4
P0896,23,Female,27,5.3,19.1,8.2,1,3,5,3,4,1,2,3,4,,2,5,4,1,2,1,3,4,4
P0897,21,Female,26.3,3.1,11.7,10.3,1,3,3,2,2,,2,2,2,4,3,2,3,5,3,5,5,2,5
P0898,23,Male,23.6,3.9,14.7,8.2,1,1,2,2,2,2,2,1,2,1,1,1,1,4,4,3,3,5,5
P0899,19,Female,25.9,2.8,13.8,7.9,1,2,1,2,2,1,2,5,5,4,4,3,4,,5,3,5,4,5
P0900,21,Female,22.7,2.5,24.7,5,1,4,3,5,2,3,4,5,3,5,3,2,4,4,5,5,3,4,4
